,block,cond,duration,end,endloc,event,loc1end,loc1start,loc1x,loc1y,loc2end,loc2start,loc2x,loc2y,loc3end,loc3start,loc3x,loc3y,objonset,recog loc,recog order,refresh order,same/diff,start,startloc,study order,sub,trialend,trialnum,xend,xstart,yend,ystart
0,1,1.0,14,1574.3049999999998,loc1end,ESACC,1.280624847486577,38.90758280849639,1151.0,378.0,242.47688549632932,224.3889480344341,910.0,362.0,242.79258637775578,263.0536067040328,1017.0,579.0,3161.695,1.0,7.0,11.0,2.0,1562.3049999999998,loc1start,1.0,ec105,,1,1152.0,1133.6,377.2,343.2
1,1,1.0,792,2366.305,,EFIX,,31.777035733371978,1151.0,378.0,,229.08640291383517,910.0,362.0,,260.4783676238778,1017.0,579.0,3161.695,1.0,7.0,11.0,2.0,1576.3049999999998,loc1start,1.0,ec105,,1,,1138.7,,348.7
2,1,1.0,12,2378.305,loc1end,ESACC,45.50703242357163,67.93791283223233,1151.0,378.0,201.08080465325375,202.48397467454058,910.0,362.0,241.7256502731971,270.5242318166711,1017.0,579.0,3161.695,1.0,7.0,11.0,2.0,2368.305,loc1start,1.0,ec105,,1,1111.0,1109.0,356.3,324.6
3,1,1.0,590,2968.305,,EFIX,,18.517289218457428,1151.0,378.0,,233.00105149977327,910.0,362.0,,251.5338744582924,1017.0,579.0,3161.695,1.0,7.0,11.0,2.0,2380.305,loc1start,1.0,ec105,,1,,1143.0,,361.3
4,1,2.0,14,2052.9829999999997,loc1end,ESACC,10.044899203078177,33.28002403845279,1553.0,521.0,407.90207158091255,431.8446016798171,1162.0,651.0,402.2314010616277,445.4134708335615,1245.0,247.0,3151.0170000000003,1.0,4.0,2.0,1.0,2040.9829999999997,loc1start,2.0,ec105,,2,1546.1,1579.6,513.7,541.0
5,1,2.0,926,2978.9829999999997,,EFIX,,23.724459951703952,1553.0,521.0,,392.4895540011223,1162.0,651.0,,391.1506742931679,1245.0,247.0,3151.0170000000003,1.0,4.0,2.0,1.0,2054.9829999999997,loc1start,2.0,ec105,,2,,1530.1,,514.8
6,1,1.0,16,2068.968,loc1end,ESACC,22.61260710311842,53.86278863928236,1067.0,518.0,415.3956306944019,382.055493351424,662.0,675.0,413.9962922539283,421.1987654302895,729.0,246.0,3151.032,1.0,16.0,16.0,2.0,2054.968,loc1start,6.0,ec105,,6,1044.8,1022.4,513.7,548.2
7,1,1.0,908,2976.968,,EFIX,,21.431052237349398,1067.0,518.0,,426.62898401304153,662.0,675.0,,412.6142144909698,729.0,246.0,3151.032,1.0,16.0,16.0,2.0,2070.968,loc1start,6.0,ec105,,6,,1052.2,,502.5
8,1,1.0,242,2045.1679999999997,loc1end,ESACC,49.93966359518253,27.868979170396635,1273.0,343.0,492.3155187478858,484.08995031915293,912.0,706.0,462.0631666774576,499.2120591492157,1407.0,837.0,3150.8320000000003,1.0,11.0,10.0,2.0,1805.1679999999997,loc1start,8.0,ec105,,8,1289.6,1252.8,390.1,362.2
9,1,1.0,932,2977.1679999999997,,EFIX,,7.045565981523416,1273.0,343.0,,507.6085499673937,912.0,706.0,,514.4978522792879,1407.0,837.0,3150.8320000000003,1.0,11.0,10.0,2.0,2047.1679999999997,loc1start,8.0,ec105,,8,,1266.0,,342.2
10,1,1.0,236,2687.035,loc1end,ESACC,76.44821776863077,67.47362447653157,633.0,315.0,473.5087433194872,477.8712064981526,243.0,682.0,545.1456044030805,538.8462582221389,756.0,836.0,3150.965,1.0,9.0,13.0,2.0,2453.035,loc1start,14.0,ec105,,14,557.7,567.5,328.2,331.2
11,1,1.0,290,2977.035,,EFIX,,68.01529239810702,633.0,315.0,,498.70460194387624,243.0,682.0,,566.5390366073639,756.0,836.0,3150.965,1.0,9.0,13.0,2.0,2689.035,loc1start,14.0,ec105,,14,,566.2,,302.2
12,1,1.0,14,1341.0170000000003,loc1end,ESACC,88.21303758515516,55.06514323962121,1491.0,364.0,481.47433991854643,441.50489238512404,1573.0,749.0,451.1087895397295,442.87805319297547,1199.0,628.0,3150.9829999999997,-1.0,2.0,15.0,2.0,1329.0170000000003,loc1start,15.0,ec105,,15,1481.5,1509.4,276.3,312.1
13,1,1.0,1638,2979.0170000000003,,EFIX,,53.13802781436288,1491.0,364.0,,446.7496502516818,1573.0,749.0,,424.15616227988477,1199.0,628.0,3150.9829999999997,-1.0,2.0,15.0,2.0,1343.0170000000003,loc1start,15.0,ec105,,15,,1481.6,,311.7
14,1,1.0,12,2697.052,loc1end,ESACC,52.82736033534133,43.84164686687758,640.0,500.0,312.0492429088717,317.8192725433749,310.0,645.0,320.67948172591275,350.00498567877577,349.0,287.0,3150.948,1.0,10.0,1.0,-1.0,2687.052,loc1start,16.0,ec105,,16,587.2,604.7,501.7,526.0
15,1,1.0,282,2979.052,,EFIX,,60.275782865094364,640.0,500.0,,304.2337423758252,310.0,645.0,,317.2768034382596,349.0,287.0,3150.948,1.0,10.0,1.0,-1.0,2699.052,loc1start,16.0,ec105,,16,,579.9,,504.6
16,2,2.0,78,91.13799999999992,,EFIX,,1847.1500994775708,373.0,571.0,,2366.477232089927,838.0,818.0,,2226.4882865175828,819.0,292.0,3150.862,1.0,32.0,17.0,1.0,15.13799999999992,offscreen,18.0,ec105,,18,,-1391.3,,24.0
17,2,2.0,152,243.13799999999992,offscreen,ESACC,1845.9399448519446,1861.31584638395,373.0,571.0,2371.466525169605,2379.4486504230345,838.0,818.0,2184.1447937350677,2245.294831419696,819.0,292.0,3150.862,1.0,32.0,17.0,1.0,93.13799999999992,offscreen,18.0,ec105,,18,-1313.8,-1412.8,-178.8,46.2
18,2,2.0,118,361.1379999999999,,EFIX,,1858.8314528219066,373.0,571.0,,2384.6957395022114,838.0,818.0,,2191.9445180022235,819.0,292.0,3150.862,1.0,32.0,17.0,1.0,245.13799999999992,offscreen,18.0,ec105,,18,,-1315.6,,-206.1
19,2,2.0,112,473.1379999999999,offscreen,ESACC,1926.92517758215,1854.4255957034243,373.0,571.0,2445.6981498132595,2380.351757619029,838.0,818.0,2307.0786809296296,2186.621341247725,819.0,292.0,3150.862,1.0,32.0,17.0,1.0,363.1379999999999,offscreen,18.0,ec105,,18,-1471.0,-1309.5,11.8,-208.8
20,2,2.0,110,583.1379999999999,,EFIX,,1947.206285938909,373.0,571.0,,2466.1037934361157,838.0,818.0,,2326.470055685222,819.0,292.0,3150.862,1.0,32.0,17.0,1.0,475.1379999999999,offscreen,18.0,ec105,,18,,-1489.4,,2.6
21,2,2.0,38,621.1379999999999,offscreen,ESACC,2030.4709404470677,1962.9296166699407,373.0,571.0,2556.6825066871324,2479.930619997261,838.0,818.0,2353.506498822555,2349.3328584940878,819.0,292.0,3150.862,1.0,32.0,17.0,1.0,585.1379999999999,offscreen,18.0,ec105,,18,-1456.0,-1516.8,-310.8,40.2
22,2,2.0,58,679.1379999999999,,blink,,2010.8581352248596,373.0,571.0,,2537.2872206354564,838.0,818.0,,2327.67820800041,819.0,292.0,3150.862,1.0,32.0,17.0,1.0,623.1379999999999,offscreen,18.0,ec105,,18,,-1423.2,,-333.0
23,2,2.0,22,701.1379999999999,offscreen,ESACC,2030.4709404470677,1962.9296166699407,373.0,571.0,2556.6825066871324,2479.930619997261,838.0,818.0,2353.506498822555,2349.3328584940878,819.0,292.0,3150.862,1.0,32.0,17.0,1.0,681.1379999999999,offscreen,18.0,ec105,,18,-1456.0,-1516.8,-310.8,40.2
24,2,2.0,70,771.1379999999999,,EFIX,,1993.2316097232654,373.0,571.0,,2519.6433180114996,838.0,818.0,,2311.0993163427656,819.0,292.0,3150.862,1.0,32.0,17.0,1.0,703.1379999999999,offscreen,18.0,ec105,,18,,-1409.1,,-321.8
25,2,2.0,32,803.1379999999999,offscreen,ESACC,1922.4789959840914,1985.9552890233958,373.0,571.0,2448.529046182626,2512.3179356920573,838.0,818.0,2251.030006463708,2305.71065183817,819.0,292.0,3150.862,1.0,32.0,17.0,1.0,773.1379999999999,offscreen,18.0,ec105,,18,-1366.3,-1406.6,-248.0,-310.5
26,2,2.0,518,1321.138,,EFIX,,1966.483981628124,373.0,571.0,,2492.641299906587,838.0,818.0,,2291.977934012454,819.0,292.0,3150.862,1.0,32.0,17.0,1.0,805.1379999999999,offscreen,18.0,ec105,,18,,-1401.2,,-277.1
27,2,2.0,48,1369.138,offscreen,ESACC,1820.7608299828948,1929.5423550676467,373.0,571.0,2339.8367464419393,2455.536784493362,838.0,818.0,2201.7004791751306,2258.974125571163,819.0,292.0,3150.862,1.0,32.0,17.0,1.0,1323.138,offscreen,18.0,ec105,,18,-1368.0,-1374.9,38.0,-246.3
28,2,2.0,34,1403.138,,EFIX,,1816.0852182648257,373.0,571.0,,2335.1550526678093,838.0,818.0,,2197.1455391029517,819.0,292.0,3150.862,1.0,32.0,17.0,1.0,1371.138,offscreen,18.0,ec105,,18,,-1363.6,,39.6
29,2,2.0,42,1445.138,offscreen,ESACC,1870.7130432003728,1836.632069849593,373.0,571.0,2391.4023270876023,2355.2136548517205,838.0,818.0,2243.341188941174,2219.300150948492,819.0,292.0,3150.862,1.0,32.0,17.0,1.0,1405.138,offscreen,18.0,ec105,,18,-1403.0,-1386.4,-16.7,44.0
30,2,2.0,96,1541.138,,EFIX,,1850.757145062528,373.0,571.0,,2368.9273120971866,838.0,818.0,,2234.7943551924413,819.0,292.0,3150.862,1.0,32.0,17.0,1.0,1447.138,offscreen,18.0,ec105,,18,,-1402.5,,48.6
31,2,2.0,348,1889.138,offscreen,ESACC,2109.109423429709,1850.4250862977403,373.0,571.0,2540.9723650602737,2369.086110718646,838.0,818.0,2606.517745959156,2232.4963605793405,819.0,292.0,3150.862,1.0,32.0,17.0,1.0,1543.138,offscreen,18.0,ec105,,18,-1698.6,-1399.0,967.0,38.0
32,2,2.0,36,1925.138,,EFIX,,2147.7910163700753,373.0,571.0,,2580.1580668633464,838.0,818.0,,2644.6298512268218,819.0,292.0,3150.862,1.0,32.0,17.0,1.0,1891.138,offscreen,18.0,ec105,,18,,-1737.8,,967.9
33,2,2.0,126,2051.138,offscreen,ESACC,1975.7327197776524,2159.400958599398,373.0,571.0,2501.8303259813606,2591.8731643350143,838.0,818.0,2302.287770892249,2656.0957249316148,819.0,292.0,3150.862,1.0,32.0,17.0,1.0,1927.138,offscreen,18.0,ec105,,18,-1412.3,-1749.5,-275.3,968.5
34,2,2.0,78,2129.138,,EFIX,,2005.5371599648809,373.0,571.0,,2531.9677920542354,838.0,818.0,,2322.394389417956,819.0,292.0,3150.862,1.0,32.0,17.0,1.0,2053.138,offscreen,18.0,ec105,,18,,-1418.3,,-330.9
35,2,2.0,14,2143.138,offscreen,ESACC,1953.281587482972,2004.2030086795098,373.0,571.0,2479.621213008148,2530.6435742711774,838.0,818.0,2274.4144653075,2320.6513094387965,819.0,292.0,3150.862,1.0,32.0,17.0,1.0,2131.138,offscreen,18.0,ec105,,18,-1379.0,-1416.1,-292.6,-332.3
36,2,2.0,150,2293.138,,EFIX,,1932.5867975332958,373.0,571.0,,2458.8757451323154,838.0,818.0,,2255.5958702746375,819.0,292.0,3150.862,1.0,32.0,17.0,1.0,2145.138,offscreen,18.0,ec105,,18,,-1363.7,,-276.8
37,2,2.0,332,2625.138,offscreen,ESACC,1808.6780172269468,1914.4183268032095,373.0,571.0,2330.5294613027313,2440.6272411001237,838.0,818.0,2176.544410298122,2239.8092619685276,819.0,292.0,3150.862,1.0,32.0,17.0,1.0,2295.138,offscreen,18.0,ec105,,18,-1334.1,-1351.8,-26.6,-259.7
38,2,2.0,26,2651.138,,EFIX,,1855.4578787997318,373.0,571.0,,2376.9456746000737,838.0,818.0,,2224.3269408969536,819.0,292.0,3150.862,1.0,32.0,17.0,1.0,2627.138,offscreen,18.0,ec105,,18,,-1381.5,,-32.7
39,2,2.0,58,2709.138,offscreen,ESACC,1794.6799436111164,1887.7881581363943,373.0,571.0,2314.8842087672547,2408.7424789711336,838.0,818.0,2171.1673588187527,2258.7685428126542,819.0,292.0,3150.862,1.0,32.0,17.0,1.0,2653.138,offscreen,18.0,ec105,,18,-1335.1,-1416.8,20.3,-29.3
40,2,2.0,34,2743.138,,EFIX,,1817.4633421337553,373.0,571.0,,2339.0359125075443,838.0,818.0,,2186.662296743601,819.0,292.0,3150.862,1.0,32.0,17.0,1.0,2711.138,offscreen,18.0,ec105,,18,,-1345.0,,-22.0
41,2,2.0,12,2755.138,offscreen,ESACC,1718.918918972038,1801.7904539651663,373.0,571.0,2240.4243459666295,2323.414048334907,838.0,818.0,2090.6329783106357,2171.046162567715,819.0,292.0,3150.862,1.0,32.0,17.0,1.0,2745.138,offscreen,18.0,ec105,,18,-1253.0,-1329.8,13.5,-18.0
42,2,2.0,24,2779.138,,EFIX,,1724.9422309167342,373.0,571.0,,2244.566617411923,838.0,818.0,,2105.556482263062,819.0,292.0,3150.862,1.0,32.0,17.0,1.0,2757.138,offscreen,18.0,ec105,,18,,-1273.3,,56.1
43,2,2.0,200,2979.138,offscreen,ESACC,1854.304702577222,1721.2640006692757,373.0,571.0,2373.1721661101624,2239.3802178281385,838.0,818.0,2235.4480825999967,2108.1962811844633,819.0,292.0,3150.862,1.0,32.0,17.0,1.0,2781.138,offscreen,18.0,ec105,,18,-1401.3,-1279.4,32.2,89.0
44,2,1.0,60,107.10699999999997,,blink,,3373.7810835915243,1566.0,275.0,,3036.588217062037,1267.0,574.0,,3435.341875272387,1675.0,683.0,3150.893,1.0,26.0,20.0,3.0,49.10699999999997,offscreen,19.0,ec105,,19,,-1755.4,,867.2
45,2,1.0,492,599.107,loc1end,ESACC,21.18962010041709,3360.7386836825026,1566.0,275.0,414.09781453178425,3025.2355445485564,1267.0,574.0,434.58716041779235,3424.9192837204205,1675.0,683.0,3150.893,1.0,26.0,20.0,3.0,109.10699999999997,offscreen,19.0,ec105,,19,1546.0,-1746.1,268.0,844.7
46,2,1.0,2380,2979.107,,EFIX,,20.240553352119623,1566.0,275.0,,434.21248254742744,1267.0,574.0,,442.52353609723406,1675.0,683.0,3150.893,1.0,26.0,20.0,3.0,601.107,loc1start,19.0,ec105,,19,,1561.8,,255.2
47,2,1.0,12,1179.277,loc1end,ESACC,30.97240707468505,64.9345054651223,918.0,731.0,374.19552375729995,418.4305079699615,599.0,501.0,404.798332506447,456.864848724434,958.0,340.0,3150.723,1.0,25.0,23.0,2.0,1169.277,loc1start,20.0,ec105,,20,888.0,898.7,738.7,793.0
48,2,1.0,46,1225.277,,EFIX,,34.65862086119409,918.0,731.0,,360.35818292360176,599.0,501.0,,387.02767342917485,958.0,340.0,3150.723,1.0,25.0,23.0,2.0,1181.277,loc1start,20.0,ec105,,20,,885.1,,720.1
49,2,1.0,10,1235.277,loc1end,ESACC,44.65086785270813,33.737960815674676,918.0,731.0,393.30509785661314,369.14258762705776,599.0,501.0,431.11263029514697,401.78010154809806,958.0,340.0,3150.723,1.0,25.0,23.0,2.0,1227.277,loc1start,20.0,ec105,,20,889.9,884.5,765.7,735.0
50,2,1.0,202,1437.277,,EFIX,,39.810174578868704,918.0,731.0,,388.8190453154269,599.0,501.0,,424.6128236405491,958.0,340.0,3150.723,1.0,25.0,23.0,2.0,1237.277,loc1start,20.0,ec105,,20,,889.8,,759.1
51,2,1.0,10,1447.277,loc1end,ESACC,26.74060582709373,52.819125324071784,918.0,731.0,385.97028383024514,405.66372773517725,599.0,501.0,411.5213967705689,443.0167716915467,958.0,340.0,3150.723,1.0,25.0,23.0,2.0,1439.277,loc1start,20.0,ec105,,20,896.5,894.9,746.9,778.5
52,2,1.0,1080,2527.277,,EFIX,,68.96093096819386,918.0,731.0,,359.84664789323796,599.0,501.0,,428.3426315462891,958.0,340.0,3150.723,1.0,25.0,23.0,2.0,1449.277,loc1start,20.0,ec105,,20,,853.5,,755.4
53,2,1.0,12,2539.277,loc1end,ESACC,60.642311961204136,67.92996393345133,918.0,731.0,362.62168991939797,385.68780120714223,599.0,501.0,422.972682333032,446.3270997822113,958.0,340.0,3150.723,1.0,25.0,23.0,2.0,2529.277,loc1start,20.0,ec105,,20,861.0,868.2,751.7,777.2
54,2,1.0,174,2713.277,,EFIX,,61.03785710524246,918.0,731.0,,348.4514600342493,599.0,501.0,,407.7803575455787,958.0,340.0,3150.723,1.0,25.0,23.0,2.0,2541.277,loc1start,20.0,ec105,,20,,857.1,,735.1
55,2,1.0,12,2725.277,loc1end,ESACC,68.42119554640946,62.99841267841598,918.0,731.0,384.27940355944133,354.12003614593743,599.0,501.0,445.90521414309563,416.7735596220087,958.0,340.0,3150.723,1.0,25.0,23.0,2.0,2715.277,loc1start,20.0,ec105,,20,866.9,856.4,776.5,744.2
56,2,1.0,252,2977.277,,EFIX,,48.80829847474711,918.0,731.0,,364.5290797727939,599.0,501.0,,413.08697631370563,958.0,340.0,3150.723,1.0,25.0,23.0,2.0,2727.277,loc1start,20.0,ec105,,20,,870.9,,743.8
57,2,1.0,208,570.9050000000002,,EFIX,,77.24875403525935,295.0,334.0,,591.0527641420857,781.0,503.0,,565.6235232024919,392.0,839.0,3151.095,2.0,30.0,32.0,3.0,364.9050000000002,loc1start,24.0,ec105,,24,,226.6,,298.1
58,2,1.0,2406,2976.905,offscreen,ESACC,2010.212349479527,79.44734105053483,295.0,334.0,2459.717888295322,593.1921105341844,781.0,503.0,2053.4153720083036,567.3946422024093,392.0,839.0,3151.095,2.0,30.0,32.0,3.0,572.9050000000002,loc1start,24.0,ec105,,24,-1661.0,224.8,797.7,296.8
59,2,2.0,12,1423.0440000000003,loc1end,ESACC,14.72718574609558,16.34135857265244,1206.0,804.0,463.2468996118593,458.3080186948511,1658.0,836.0,448.78334416508824,468.88808899352523,1460.0,429.0,3150.9559999999997,1.0,31.0,31.0,1.0,1413.0440000000003,loc1start,26.0,ec105,,26,1196.8,1200.0,792.5,819.2
60,2,2.0,1556,2979.0440000000003,,EFIX,,7.516648189186428,1206.0,804.0,,446.57239054827386,1658.0,836.0,,452.84887103756813,1460.0,429.0,3150.9559999999997,1.0,31.0,31.0,1.0,1425.0440000000003,loc1start,26.0,ec105,,26,,1212.3,,808.1
61,2,1.0,2906,2977.127,,EFIX,,106.18945333694866,315.0,273.0,,550.9221360591713,549.0,660.0,,541.6633640924962,767.0,264.0,3150.873,2.0,17.0,27.0,3.0,73.12699999999995,loc1start,29.0,ec105,,29,,227.8,,212.4
62,2,2.0,222,2980.9559999999997,loc1end,ESACC,105.74048420543573,100.50124377339816,1002.0,376.0,151.61151011714117,303.72504012675677,918.0,619.0,217.8647516235703,355.5639183044309,1170.0,570.0,3151.0440000000003,3.0,28.0,30.0,2.0,2760.9559999999997,loc1start,30.0,ec105,,30,972.7,921.9,477.6,315.3
63,3,1.0,24,2107.948,loc1end,ESACC,86.1307146144742,45.18849411078001,949.0,509.0,315.7950284599173,340.28811322172277,590.0,536.0,274.3036638472042,314.416920664267,793.0,833.0,3140.052,2.0,35.0,46.0,1.0,2085.948,loc1start,33.0,ec105,,33,902.5,930.0,581.5,550.0
64,3,1.0,670,2777.948,,EFIX,,18.874321179846437,949.0,509.0,,343.8066898709215,590.0,536.0,,360.1080948826338,793.0,833.0,3140.052,2.0,35.0,46.0,1.0,2109.948,loc1start,33.0,ec105,,33,,932.0,,500.8
65,3,1.0,14,2791.948,loc1end,ESACC,48.442336855275656,9.750897394599079,949.0,509.0,336.8754369199393,351.5870873624343,590.0,536.0,311.19039188252583,359.69859604952586,793.0,833.0,3140.052,2.0,35.0,46.0,1.0,2779.948,loc1start,33.0,ec105,,33,926.5,940.2,551.9,504.8
66,3,1.0,194,2985.948,,EFIX,,71.50174823037545,949.0,509.0,,341.03445573724656,590.0,536.0,,289.20667350529794,793.0,833.0,3140.052,2.0,35.0,46.0,1.0,2793.948,loc1start,33.0,ec105,,33,,928.5,,577.5
67,3,1.0,14,1361.2109999999998,loc1end,ESACC,51.39357936551994,16.98146047900465,1617.0,516.0,482.40698585323156,466.93850772880137,1202.0,690.0,431.7991431209654,459.37606598515765,1259.0,244.0,3150.789,1.0,48.0,34.0,2.0,1349.2109999999998,loc1start,36.0,ec105,,36,1629.3,1633.1,466.1,510.6
68,3,1.0,1616,2977.211,,EFIX,,69.16950194992008,1617.0,516.0,,475.60447853232,1202.0,690.0,,406.30434405750583,1259.0,244.0,3150.789,1.0,48.0,34.0,2.0,1363.2109999999998,loc1start,36.0,ec105,,36,,1610.9,,447.1
69,3,1.0,18,332.44500000000016,screen,ESACC,220.3795135669375,114.45540616327392,631.0,618.0,478.0574547060217,364.88140539084753,862.0,747.0,455.03332844968617,371.0194604060547,858.0,482.0,3167.555,1.0,36.0,42.0,2.0,316.44500000000016,loc1start,37.0,ec105,,37,413.8,517.0,580.7,628.2
70,3,1.0,1486,1818.4450000000002,,EFIX,,235.77077851167223,631.0,618.0,,496.13169622591136,862.0,747.0,,462.11325451668233,858.0,482.0,3167.555,1.0,36.0,42.0,2.0,334.44500000000016,screen,37.0,ec105,,37,,402.5,,559.9
71,3,1.0,38,1856.4450000000002,loc1end,ESACC,101.89455333824279,232.62510612571464,631.0,618.0,351.87511989340766,495.5643651434191,862.0,747.0,360.2239581149483,449.42923803419825,858.0,482.0,3167.555,1.0,36.0,42.0,2.0,1820.4450000000002,screen,37.0,ec105,,37,529.9,412.2,630.7,539.0
72,3,1.0,30,1886.4450000000002,,EFIX,,78.66492229704416,631.0,618.0,,286.74164329584215,862.0,747.0,,339.01706446726246,858.0,482.0,3167.555,1.0,36.0,42.0,2.0,1858.4450000000002,loc1start,37.0,ec105,,37,,583.1,,680.4
73,3,1.0,24,1910.4450000000002,screen,ESACC,430.6036925062302,120.26903175797172,631.0,618.0,558.9339316949723,247.1943365047023,862.0,747.0,689.3088857689272,352.38620858370723,858.0,482.0,3167.555,1.0,36.0,42.0,2.0,1888.4450000000002,loc1start,37.0,ec105,,37,333.7,615.0,929.5,737.2
74,3,1.0,26,1936.4450000000002,,EFIX,,457.8168301842998,631.0,618.0,,595.9815852859886,862.0,747.0,,718.9406442815707,858.0,482.0,3167.555,1.0,36.0,42.0,2.0,1912.4450000000002,screen,37.0,ec105,,37,,294.2,,928.1
75,3,1.0,60,1996.4450000000002,loc1end,ESACC,144.7000345542461,432.11717160973825,631.0,618.0,231.63268335880412,563.9924201618317,862.0,747.0,361.0635678104342,691.6168375625336,858.0,482.0,3167.555,1.0,36.0,42.0,2.0,1938.4450000000002,screen,37.0,ec105,,37,630.9,326.8,762.7,924.9
76,3,1.0,908,2904.445,,EFIX,,214.87917535210343,631.0,618.0,,474.92131979939586,862.0,747.0,,444.59583893689336,858.0,482.0,3167.555,1.0,36.0,42.0,2.0,1998.4450000000002,screen,37.0,ec105,,37,,421.9,,568.5
77,3,1.0,32,2936.445,loc1end,ESACC,143.8445341332092,197.8381409132223,631.0,618.0,399.8242739004224,459.11319954886943,862.0,747.0,390.82764743554156,426.10154892936026,858.0,482.0,3167.555,1.0,36.0,42.0,2.0,2906.445,screen,37.0,ec105,,37,487.6,440.2,606.7,565.7
78,3,1.0,40,2976.445,,EFIX,,116.44436439776719,631.0,618.0,,362.72288320424445,862.0,747.0,,375.50964035561054,858.0,482.0,3167.555,1.0,36.0,42.0,2.0,2938.445,loc1start,37.0,ec105,,37,,516.2,,637.5
79,3,2.0,76,391.0419999999999,screen,ESACC,1089.606006774926,46.52021066160382,1505.0,515.0,717.3677229984633,479.510927925527,1099.0,670.0,777.8189056586372,448.01219849463916,1168.0,241.0,3150.958,1.0,38.0,39.0,1.0,317.0419999999999,loc1start,39.0,ec105,,39,417.6,1542.3,445.7,487.2
80,3,2.0,204,595.0419999999999,,EFIX,,1107.613813564999,1505.0,515.0,,739.550782570068,1099.0,670.0,,788.9018696897606,1168.0,241.0,3150.958,1.0,38.0,39.0,1.0,393.0419999999999,screen,39.0,ec105,,39,,401.0,,425.6
81,3,2.0,72,667.0419999999999,loc1end,ESACC,90.66449139547407,1095.229291061922,1505.0,515.0,496.60874941950016,730.1798408611401,1099.0,670.0,410.568934528661,773.9830747503462,1168.0,241.0,3150.958,1.0,38.0,39.0,1.0,597.0419999999999,screen,39.0,ec105,,39,1533.1,414.2,428.8,416.6
82,3,2.0,1910,2577.042,,EFIX,,97.16362488091934,1505.0,515.0,,523.3990542597494,1099.0,670.0,,450.97136272716926,1168.0,241.0,3150.958,1.0,38.0,39.0,1.0,669.0419999999999,loc1start,39.0,ec105,,39,,1570.9,,443.6
83,3,2.0,22,2599.042,screen,ESACC,221.84429224120237,93.42301643599401,1505.0,515.0,569.1940705945557,507.44128724415015,1099.0,670.0,362.42584069020245,424.0936924784429,1168.0,241.0,3150.958,1.0,38.0,39.0,1.0,2579.042,loc1start,39.0,ec105,,39,1526.5,1546.9,294.2,431.5
84,3,2.0,378,2977.042,,EFIX,,258.3072976127465,1505.0,515.0,,589.327294463781,1099.0,670.0,,351.86852658343855,1168.0,241.0,3150.958,1.0,38.0,39.0,1.0,2601.042,screen,39.0,ec105,,39,,1519.5,,257.1
85,3,2.0,20,1242.9540000000002,loc1end,ESACC,70.00578547520198,15.823084402227005,1131.0,528.0,321.656664784052,270.586344814368,928.0,699.0,332.66020200799494,255.28879724735287,881.0,438.0,3151.046,1.0,33.0,41.0,1.0,1224.9540000000002,loc1start,40.0,ec105,,40,1201.0,1124.9,528.9,513.4
86,3,2.0,1736,2978.954,,EFIX,,53.19924811498749,1131.0,528.0,,310.437368884611,928.0,699.0,,314.80495548831504,881.0,438.0,3151.046,1.0,33.0,41.0,1.0,1244.9540000000002,loc1start,40.0,ec105,,40,,1184.0,,523.4
87,3,2.0,10,43.027000000000044,loc1end,ESACC,78.0651010375315,109.32017197205643,775.0,676.0,334.19060429641047,299.6920085687972,586.0,385.0,405.3723720235507,406.9851348636704,933.0,367.0,3150.973,3.0,40.0,44.0,3.0,35.027000000000044,loc1start,41.0,ec105,,41,700.4,665.7,699.0,673.9
88,3,2.0,730,773.027,,EFIX,,77.24046866766147,775.0,676.0,,344.1201679646225,586.0,385.0,,410.3679933912975,933.0,367.0,3150.973,3.0,40.0,44.0,3.0,45.027000000000044,loc1start,41.0,ec105,,41,,704.7,,708.0
89,3,2.0,38,811.027,loc2end,ESACC,248.94001285450273,96.8864283581555,775.0,676.0,100.01664861411827,360.17909434057947,586.0,385.0,326.32702922068836,433.69503109904315,933.0,367.0,3150.973,3.0,40.0,44.0,3.0,775.027,loc1start,41.0,ec105,,41,625.7,693.7,476.8,728.7
90,3,2.0,234,1045.027,,EFIX,,307.91729409047485,775.0,676.0,,41.45189983583384,586.0,385.0,,341.4789305359849,933.0,367.0,3150.973,3.0,40.0,44.0,3.0,813.027,loc2start,41.0,ec105,,41,,596.5,,425.1
91,3,2.0,14,1059.027,loc2end,ESACC,348.5229404214305,335.62410521295993,775.0,676.0,2.7999999999999545,42.871202455727776,586.0,385.0,350.2628156113634,377.06118866836454,933.0,367.0,3150.973,3.0,40.0,44.0,3.0,1047.027,loc2start,41.0,ec105,,41,583.2,559.5,385.0,418.7
92,3,2.0,52,1111.027,,EFIX,,368.23026763154604,775.0,676.0,,25.832731175777763,586.0,385.0,,345.7879841752747,933.0,367.0,3150.973,3.0,40.0,44.0,3.0,1061.027,loc2start,41.0,ec105,,41,,587.3,,359.2
93,3,2.0,12,1123.027,loc2end,ESACC,329.6870334119921,363.9707268448934,775.0,676.0,46.924833510626335,35.24329723507721,586.0,385.0,300.7276841263538,329.2298437262333,933.0,367.0,3150.973,3.0,40.0,44.0,3.0,1113.027,loc2start,41.0,ec105,,41,632.5,604.0,378.7,354.7
94,3,2.0,140,1263.027,,EFIX,,340.3821528811403,775.0,676.0,,47.263199214610964,586.0,385.0,,302.9016507053073,933.0,367.0,3150.973,3.0,40.0,44.0,3.0,1125.027,loc2start,41.0,ec105,,41,,630.1,,368.0
95,3,2.0,38,1301.027,loc3end,ESACC,359.49582751403386,336.5930480565515,775.0,676.0,193.2124478391597,48.217009446874705,586.0,385.0,173.7695312763431,300.8293203795135,933.0,367.0,3150.973,3.0,40.0,44.0,3.0,1265.027,loc2start,41.0,ec105,,41,766.7,632.2,316.6,371.2
96,3,2.0,320,1621.027,,EFIX,,343.9847816401185,775.0,676.0,,240.90356991958424,586.0,385.0,,115.7537472395602,933.0,367.0,3150.973,3.0,40.0,44.0,3.0,1303.027,loc3start,41.0,ec105,,41,,821.7,,335.2
97,3,2.0,52,1673.027,screen,ESACC,845.3880351649176,318.7902288339465,775.0,676.0,928.7668867912981,266.0440001202808,586.0,385.0,583.788086551961,81.60153184836669,933.0,367.0,3150.973,3.0,40.0,44.0,3.0,1623.027,loc3start,41.0,ec105,,41,1504.8,851.4,249.3,366.5
98,3,2.0,210,1883.027,,EFIX,,885.7239807073081,775.0,676.0,,978.3259017321375,586.0,385.0,,632.4931383027011,933.0,367.0,3150.973,3.0,40.0,44.0,3.0,1675.027,screen,41.0,ec105,,41,,1556.1,,258.4
99,3,2.0,34,1917.027,screen,ESACC,867.9002304412645,875.8189824387229,775.0,676.0,896.4767760516722,969.9269508576407,586.0,385.0,565.8392086096544,623.8617555196023,933.0,367.0,3150.973,3.0,40.0,44.0,3.0,1885.027,screen,41.0,ec105,,41,1443.0,1548.5,121.9,265.2
100,3,2.0,224,2141.027,,EFIX,,889.7547808244697,775.0,676.0,,902.4201737549974,586.0,385.0,,578.6347466234636,933.0,367.0,3150.973,3.0,40.0,44.0,3.0,1919.027,screen,41.0,ec105,,41,,1435.1,,79.4
101,3,2.0,70,2211.027,screen,ESACC,656.663338401041,880.8738956286535,775.0,676.0,322.19301668409884,893.9756260659458,586.0,385.0,504.97083084075257,569.8284127700197,933.0,367.0,3150.973,3.0,40.0,44.0,3.0,2143.027,screen,41.0,ec105,,41,525.7,1428.1,68.5,84.9
102,3,2.0,144,2355.027,,EFIX,,654.7879809526133,775.0,676.0,,317.06923534143135,586.0,385.0,,512.5595575150267,933.0,367.0,3150.973,3.0,40.0,44.0,3.0,2213.027,screen,41.0,ec105,,41,,510.3,,77.1
103,3,2.0,42,2397.027,screen,ESACC,727.9413850029409,650.5878111369748,775.0,676.0,419.089322221409,312.2699152976476,586.0,385.0,750.6500249783517,511.0190798786284,933.0,367.0,3150.973,3.0,40.0,44.0,3.0,2357.027,screen,41.0,ec105,,41,193.5,508.5,238.1,82.5
104,3,2.0,192,2589.027,,EFIX,,733.5144783847146,775.0,676.0,,430.42640485918145,586.0,385.0,,764.9697314273292,933.0,367.0,3150.973,3.0,40.0,44.0,3.0,2399.027,screen,41.0,ec105,,41,,176.8,,251.5
105,3,2.0,34,2623.027,screen,ESACC,702.1292829671755,734.2784281183807,775.0,676.0,483.63470719128503,432.2298115586198,586.0,385.0,830.1259723680497,767.2667137312812,933.0,367.0,3150.973,3.0,40.0,44.0,3.0,2591.027,screen,41.0,ec105,,41,107.8,174.1,457.3,254.0
106,3,2.0,142,2765.027,,EFIX,,684.1217727861027,775.0,676.0,,474.64112759009834,586.0,385.0,,820.0382917888652,933.0,367.0,3150.973,3.0,40.0,44.0,3.0,2625.027,screen,41.0,ec105,,41,,120.4,,477.2
107,3,2.0,46,2811.027,loc1end,ESACC,41.85606288221571,676.8221701451571,775.0,676.0,309.10666443802216,468.3533388372501,586.0,385.0,314.36019150013254,813.530116221889,933.0,367.0,3150.973,3.0,40.0,44.0,3.0,2767.027,screen,41.0,ec105,,41,768.2,127.3,634.7,479.6
108,3,2.0,168,2979.027,,EFIX,,8.786353054595505,775.0,676.0,,338.5392148629166,586.0,385.0,,344.9976811516275,933.0,367.0,3150.973,3.0,40.0,44.0,3.0,2813.027,loc1start,41.0,ec105,,41,,768.4,,670.2
109,3,2.0,174,1826.8559999999998,loc1end,ESACC,124.39372974551415,74.65072002331927,281.0,457.0,481.31341140674647,483.4434093045431,709.0,481.0,357.12882829589654,414.38162362730327,474.0,840.0,3151.1440000000002,1.0,46.0,35.0,1.0,1654.8559999999998,loc1start,42.0,ec105,,42,236.6,226.3,573.2,507.8
110,3,2.0,1150,2976.8559999999998,,EFIX,,23.37348925599254,281.0,457.0,,449.6370981135787,709.0,481.0,,430.74855774569926,474.0,840.0,3151.1440000000002,1.0,46.0,35.0,1.0,1828.8559999999998,loc1start,42.0,ec105,,42,,259.6,,466.4
111,3,2.0,26,1646.873,loc1end,ESACC,65.20766826071912,31.967796295647293,799.0,289.0,472.6785800097144,443.9071299269702,1049.0,620.0,420.60532569143726,441.5848049922008,637.0,671.0,3151.127,1.0,44.0,33.0,1.0,1622.873,loc1start,44.0,ec105,,44,739.2,792.5,263.0,257.7
112,3,2.0,566,2212.873,,EFIX,,14.657762448613997,799.0,289.0,,429.4084885048268,1049.0,620.0,,421.3493206355031,637.0,671.0,3151.127,1.0,44.0,33.0,1.0,1648.873,loc1start,44.0,ec105,,44,,789.2,,278.1
113,3,2.0,22,2234.873,loc1end,ESACC,63.12756925464498,24.65623653358312,799.0,289.0,477.862417438325,437.9021922758551,1049.0,620.0,452.25202044877585,434.3725704968029,637.0,671.0,3151.127,1.0,44.0,33.0,1.0,2214.873,loc1start,44.0,ec105,,44,763.5,792.2,236.8,265.3
114,3,2.0,744,2978.873,,EFIX,,30.314517974066455,799.0,289.0,,444.8671374691549,1049.0,620.0,,434.08405867988284,637.0,671.0,3151.127,1.0,44.0,33.0,1.0,2236.873,loc1start,44.0,ec105,,44,,784.1,,262.6
115,3,1.0,20,531.0450000000001,loc1end,ESACC,85.50941468633731,93.98047669596058,1646.0,568.0,475.653928818001,500.17409968929815,1242.0,627.0,489.8120660008285,444.00802920668,1393.0,248.0,3150.955,1.0,43.0,40.0,3.0,513.0450000000001,loc1start,45.0,ec105,,45,1717.5,1733.3,614.9,533.2
116,3,1.0,182,713.0450000000001,,EFIX,,22.235332243975947,1646.0,568.0,,426.3674588896295,1242.0,627.0,,428.41686474740925,1393.0,248.0,3150.955,1.0,43.0,40.0,3.0,533.0450000000001,loc1start,45.0,ec105,,45,,1665.6,,578.5
117,3,1.0,46,759.0450000000001,loc1end,ESACC,16.824089871371985,18.11767093199334,1646.0,568.0,422.7027915687334,426.32552116897705,1242.0,627.0,407.80810438244123,415.80145502390917,1393.0,248.0,3150.955,1.0,43.0,40.0,3.0,715.0450000000001,loc1start,45.0,ec105,,45,1658.9,1663.6,557.2,563.7
118,3,1.0,182,941.0450000000001,,EFIX,,26.454678225221382,1646.0,568.0,,428.56300586961544,1242.0,627.0,,403.668242496236,1393.0,248.0,3150.955,1.0,43.0,40.0,3.0,761.0450000000001,loc1start,45.0,ec105,,45,,1663.2,,547.9
119,3,1.0,2038,2979.045,loc1end,ESACC,39.87793876318083,44.118476854941356,1646.0,568.0,434.1868837263512,436.10760140130554,1242.0,627.0,395.01803756284346,392.618695428529,1393.0,248.0,3150.955,1.0,43.0,40.0,3.0,943.0450000000001,loc1start,45.0,ec105,,45,1666.0,1667.0,533.5,529.2
120,3,2.0,348,1337.123,loc1end,ESACC,19.56731969381595,28.96135355952827,1578.0,608.0,403.0881789385543,413.047648583066,1189.0,561.0,383.3865934014908,385.44358860928014,1424.0,248.0,3150.877,1.0,42.0,45.0,1.0,991.123,loc1start,48.0,ec105,,48,1590.8,1601.0,593.2,590.4
121,3,2.0,878,2215.123,,EFIX,,47.73258844856418,1578.0,608.0,,419.5240159990845,1189.0,561.0,,372.10428645743934,1424.0,248.0,3150.877,1.0,42.0,45.0,1.0,1339.123,loc1start,48.0,ec105,,48,,1608.4,,571.2
122,3,2.0,28,2243.123,loc3end,ESACC,244.69068229092827,62.47919653772759,1578.0,608.0,343.191098369407,407.3011784908066,1189.0,561.0,146.86704872094353,346.0324406757262,1424.0,248.0,3150.877,1.0,42.0,45.0,1.0,2217.123,loc1start,48.0,ec105,,48,1482.3,1596.1,382.8,548.2
123,3,2.0,388,2631.123,,EFIX,,308.746578928415,1578.0,608.0,,310.57599714079646,1189.0,561.0,,99.13652202896772,1424.0,248.0,3150.877,1.0,42.0,45.0,1.0,2245.123,loc3start,48.0,ec105,,48,,1413.7,,346.6
124,3,2.0,40,2671.123,loc1end,ESACC,57.87054518492115,314.06421317940703,1578.0,608.0,379.1319031682773,306.9568862234564,1189.0,561.0,335.47727195743084,98.21776824994548,1424.0,248.0,3150.877,1.0,42.0,45.0,1.0,2633.123,loc3start,48.0,ec105,,48,1568.0,1406.8,551.0,344.7
125,3,2.0,306,2977.123,,EFIX,,36.32795067162465,1578.0,608.0,,418.323941461638,1189.0,561.0,,383.818342448612,1424.0,248.0,3150.877,1.0,42.0,45.0,1.0,2673.123,loc1start,48.0,ec105,,48,,1606.6,,585.6
126,4,2.0,50,189.73400000000038,screen,ESACC,308.60468240128824,733.495391941899,1038.0,671.0,383.97844991613783,792.1876608481099,845.0,497.0,541.3936183591379,972.4575517728267,791.0,751.0,3140.2659999999996,2.0,51.0,56.0,3.0,141.73400000000038,screen,49.0,ec105,,49,1221.8,1559.8,423.1,155.5
127,4,2.0,86,275.7340000000004,,EFIX,,278.5604422742038,1038.0,671.0,,376.26336521112455,845.0,497.0,,518.1124588349522,791.0,751.0,3140.2659999999996,2.0,51.0,56.0,3.0,191.73400000000038,screen,49.0,ec105,,49,,1219.4,,459.6
128,4,2.0,32,307.7340000000004,loc1end,ESACC,30.935578223139732,289.3138952763935,1038.0,671.0,289.32094635542717,395.7460423049104,845.0,497.0,267.4049550775003,532.7304477876218,791.0,751.0,3140.2659999999996,2.0,51.0,56.0,3.0,277.7340000000004,screen,49.0,ec105,,49,1053.1,1239.3,698.0,463.2
129,4,2.0,658,965.7340000000004,,EFIX,,30.463092423455635,1038.0,671.0,,287.80027797067885,845.0,497.0,,264.1685068285014,791.0,751.0,3140.2659999999996,2.0,51.0,56.0,3.0,309.7340000000004,loc1start,49.0,ec105,,49,,1050.0,,699.0
130,4,2.0,86,1051.7340000000004,screen,ESACC,1059.014282245523,15.078461459976578,1038.0,671.0,800.4001811593997,246.41176919944394,845.0,497.0,935.0944604691015,259.05590130317444,791.0,751.0,3140.2659999999996,2.0,51.0,56.0,3.0,967.7340000000004,loc1start,49.0,ec105,,49,194.1,1032.4,31.2,657.0
131,4,2.0,496,1547.7340000000004,,EFIX,,1062.7314336181084,1038.0,671.0,,803.075401192192,845.0,497.0,,951.1170800695359,791.0,751.0,3140.2659999999996,2.0,51.0,56.0,3.0,1053.7340000000004,offscreen,49.0,ec105,,49,,224.9,,-13.3
132,4,2.0,22,1569.7340000000004,screen,ESACC,949.6172913337247,1063.2698434546144,1038.0,671.0,690.5200938423154,803.6861078804336,845.0,497.0,833.8040537200571,950.2400538811232,791.0,751.0,3140.2659999999996,2.0,51.0,56.0,3.0,1549.7340000000004,offscreen,49.0,ec105,,49,292.8,220.6,82.4,-9.0
133,4,2.0,220,1789.7340000000004,,EFIX,,905.9334412637608,1038.0,671.0,,647.2220639007912,845.0,497.0,,788.2012433382733,791.0,751.0,3140.2659999999996,2.0,51.0,56.0,3.0,1571.7340000000004,screen,49.0,ec105,,49,,319.2,,119.6
134,4,2.0,182,1971.7340000000004,loc1end,ESACC,56.021156717797325,908.5416281051738,1038.0,671.0,313.77375607274746,650.1015997519157,845.0,497.0,303.2292367170422,788.5123271071924,791.0,751.0,3140.2659999999996,2.0,51.0,56.0,3.0,1791.7340000000004,screen,49.0,ec105,,49,1088.9,312.2,694.4,124.5
135,4,2.0,1014,2985.7340000000004,,EFIX,,10.044899203078133,1038.0,671.0,,267.81952878757744,845.0,497.0,,258.39059580410435,791.0,751.0,3140.2659999999996,2.0,51.0,56.0,3.0,1973.7340000000004,loc1start,49.0,ec105,,49,,1039.7,,680.9
136,4,2.0,14,323.183,screen,ESACC,246.3666576466872,336.7328317821118,1565.0,827.0,691.7876335986355,688.9557315241669,922.0,779.0,867.7125849035497,935.5693453721109,1285.0,246.0,3150.817,1.0,56.0,59.0,1.0,311.183,offscreen,50.0,ec105,,50,1548.3,1498.0,1072.8,1157.0
137,4,2.0,82,405.183,,EFIX,,203.78110805469677,1565.0,827.0,,700.4112649008439,922.0,779.0,,836.6281969907541,1285.0,246.0,3150.817,1.0,56.0,59.0,1.0,325.183,screen,50.0,ec105,,50,,1575.7,,1030.5
138,4,2.0,16,421.183,screen,ESACC,221.3491811595425,168.83794004903044,1565.0,827.0,706.7369100308827,704.4510273965111,922.0,779.0,853.0853767355292,808.4678410425488,1285.0,246.0,3150.817,1.0,56.0,59.0,1.0,407.183,loc1start,50.0,ec105,,50,1575.5,1593.0,1048.1,993.5
139,4,2.0,136,557.183,,EFIX,,213.8813923650208,1565.0,827.0,,699.7216946758191,922.0,779.0,,844.6572381741602,1285.0,246.0,3150.817,1.0,56.0,59.0,1.0,423.183,screen,50.0,ec105,,50,,1570.9,,1040.8
140,4,2.0,12,569.183,loc1end,ESACC,169.6080481580989,205.3710057432645,1565.0,827.0,700.4367851562338,696.1202841463536,922.0,779.0,808.079135976174,836.4931858658503,1285.0,246.0,3150.817,1.0,56.0,59.0,1.0,559.183,screen,50.0,ec105,,50,1588.3,1570.4,995.0,1032.3
141,4,2.0,32,601.183,,EFIX,,148.80678747960388,1565.0,827.0,,696.7962829981227,922.0,779.0,,789.2740081872707,1285.0,246.0,3150.817,1.0,56.0,59.0,1.0,571.183,loc1start,50.0,ec105,,50,,1591.1,,973.5
142,4,2.0,10,611.183,screen,ESACC,181.10673648431748,152.3630532642346,1565.0,827.0,699.3771872173127,703.4200025589264,922.0,779.0,817.4894800546366,793.905095083789,1285.0,246.0,3150.817,1.0,56.0,59.0,1.0,603.183,loc1start,50.0,ec105,,50,1583.1,1597.3,1007.2,975.9
143,4,2.0,2366,2977.183,,EFIX,,83.44507175381901,1565.0,827.0,,703.1358901378879,922.0,779.0,,726.8400649386357,1285.0,246.0,3150.817,1.0,56.0,59.0,1.0,613.183,loc1start,50.0,ec105,,50,,1615.8,,893.2
144,4,2.0,96,2294.973,offscreen,ESACC,1712.8524162927756,39.051248379533355,1342.0,290.0,1222.770133753683,462.2812996434097,858.0,367.0,1526.5841607982181,500.5425056875789,1167.0,748.0,3151.027,1.0,58.0,49.0,1.0,2200.973,loc1start,51.0,ec105,,51,-348.6,1309.6,565.2,268.2
145,4,2.0,180,2474.973,,EFIX,,1683.8086500549875,1342.0,290.0,,1193.7873219296641,858.0,367.0,,1493.8732108181066,1167.0,748.0,3151.027,1.0,58.0,49.0,1.0,2296.973,offscreen,51.0,ec105,,51,,-317.1,,577.4
146,4,2.0,16,2490.973,offscreen,ESACC,1616.4137001399115,1666.1032020856333,1342.0,290.0,1127.2751438757089,1176.187264001783,858.0,367.0,1411.2399689634644,1472.8943207168668,1167.0,748.0,3151.027,1.0,58.0,49.0,1.0,2476.973,offscreen,51.0,ec105,,51,-239.0,-297.2,626.5,588.2
147,4,2.0,486,2976.973,,EFIX,,1596.023611980725,1342.0,290.0,,1107.2994942652144,858.0,367.0,,1386.960983589661,1167.0,748.0,3151.027,1.0,58.0,49.0,1.0,2492.973,offscreen,51.0,ec105,,51,,-215.6,,638.1
148,4,1.0,14,1067.105,loc1end,ESACC,130.03176534985593,77.56448929761608,1215.0,785.0,633.145686236588,601.941234673286,659.0,672.0,696.9234247749174,644.372757028104,1035.0,247.0,3150.895,1.0,57.0,51.0,2.0,1055.105,loc1start,52.0,ec105,,52,1245.1,1230.5,911.5,861.0
149,4,1.0,1528,2595.105,,EFIX,,57.50217387195027,1215.0,785.0,,581.0770172705164,659.0,672.0,,621.9650311713674,1035.0,247.0,3150.895,1.0,57.0,51.0,2.0,1069.105,loc1start,52.0,ec105,,52,,1214.5,,842.5
150,4,1.0,14,2609.105,loc1end,ESACC,105.61159974169502,75.21701935067625,1215.0,785.0,616.7132315752598,585.4729711950844,659.0,672.0,672.30663391045,638.6241461141287,1035.0,247.0,3150.895,1.0,57.0,51.0,2.0,2597.105,loc1start,52.0,ec105,,52,1236.5,1213.4,888.4,860.2
151,4,1.0,368,2977.105,,EFIX,,125.4222069651144,1215.0,785.0,,644.0892251854552,659.0,672.0,,692.6063311867716,1035.0,247.0,3150.895,1.0,57.0,51.0,2.0,2611.105,loc1start,52.0,ec105,,52,,1260.7,,901.8
152,4,2.0,10,640.9580000000001,loc1end,ESACC,109.31829673023633,183.3609827635094,884.0,285.0,406.09911351787014,473.551739517447,1047.0,545.0,327.8077027771007,354.5366694715795,740.0,556.0,3151.042,1.0,49.0,63.0,3.0,632.9580000000001,screen,58.0,ec105,,58,788.5,720.5,231.8,202.0
153,4,2.0,176,816.9580000000001,,EFIX,,87.07387667951855,884.0,285.0,,383.70751882130224,1047.0,545.0,,316.4380824110777,740.0,556.0,3151.042,1.0,49.0,63.0,3.0,642.9580000000001,loc1start,58.0,ec105,,58,,805.9,,246.5
154,4,2.0,20,836.9580000000001,loc1end,ESACC,150.0006666651852,77.50954779896469,884.0,285.0,442.3650076577034,374.7739718817196,1047.0,545.0,339.3593965105431,313.60441642298343,740.0,556.0,3151.042,1.0,49.0,63.0,3.0,818.9580000000001,loc1start,58.0,ec105,,58,750.4,814.2,216.8,251.3
155,4,2.0,2140,2976.958,,EFIX,,64.8367951089503,884.0,285.0,,340.54046749248465,1047.0,545.0,,276.09348054599184,740.0,556.0,3151.042,1.0,49.0,63.0,3.0,838.9580000000001,loc1start,58.0,ec105,,58,,819.5,,291.6
156,4,1.0,70,844.953,loc1end,ESACC,143.7015309591376,86.22319873444731,755.0,810.0,386.53296107835354,329.6043689030835,991.0,705.0,288.286541482602,340.4197996591855,782.0,553.0,3151.047,1.0,59.0,64.0,2.0,776.953,loc1start,59.0,ec105,,59,613.2,716.2,786.7,887.0
157,4,1.0,22,866.953,,EFIX,,156.76367563947966,755.0,810.0,,396.1283251674891,991.0,705.0,,288.1566414296225,782.0,553.0,3151.047,1.0,59.0,64.0,2.0,846.953,loc1start,59.0,ec105,,59,,601.6,,777.7
158,4,1.0,12,878.953,loc1end,ESACC,96.15742301039478,133.5402561027947,755.0,810.0,354.34905107817065,380.5390912902379,991.0,705.0,321.3366614627095,292.61749776799064,782.0,553.0,3151.047,1.0,59.0,64.0,2.0,868.953,loc1start,59.0,ec105,,59,669.5,622.0,854.0,798.0
159,4,1.0,1878,2756.953,,EFIX,,139.10129402705067,755.0,810.0,,389.35763765463753,991.0,705.0,,305.49986906707505,782.0,553.0,3151.047,1.0,59.0,64.0,2.0,880.953,loc1start,59.0,ec105,,59,,615.9,,809.4
160,4,1.0,50,2806.953,loc1end,ESACC,135.23032204354172,137.65420443996615,755.0,810.0,389.9721015662531,395.8450201783521,991.0,705.0,318.83544345006567,352.60272262136607,782.0,553.0,3151.047,1.0,59.0,64.0,2.0,2758.953,loc1start,59.0,ec105,,59,621.0,632.2,828.2,872.2
161,4,1.0,136,2942.953,,EFIX,,166.80866284458963,755.0,810.0,,415.8349792886596,991.0,705.0,,320.52539680967556,782.0,553.0,3151.047,1.0,59.0,64.0,2.0,2808.953,loc1start,59.0,ec105,,59,,588.2,,808.3
162,4,1.0,34,2976.953,loc1end,ESACC,146.7005794126254,152.12695356181956,755.0,810.0,402.5323092622504,406.76997185141386,991.0,705.0,331.9871383050856,330.3089614285389,782.0,553.0,3151.047,1.0,59.0,64.0,2.0,2944.953,loc1start,59.0,ec105,,59,610.9,604.4,837.5,831.5
163,4,2.0,16,1152.9859999999999,loc1end,ESACC,111.27380644158802,142.07617675036164,787.0,826.0,504.5543181858619,556.6500157190333,1194.0,747.0,520.7354990779868,498.84610853448584,922.0,434.0,3151.014,1.0,53.0,58.0,1.0,1138.9859999999999,loc1start,60.0,ec105,,60,717.5,647.0,912.9,850.2
164,4,2.0,1826,2978.986,,EFIX,,99.1526600752597,787.0,826.0,,489.41419064019794,1194.0,747.0,,511.12645206445734,922.0,434.0,3151.014,1.0,53.0,58.0,1.0,1154.9859999999999,loc1start,60.0,ec105,,60,,732.0,,908.5
165,4,1.0,12,1310.9050000000002,loc1end,ESACC,61.64162554637895,121.9236236338143,817.0,553.0,488.34300445486065,418.43203749235073,349.0,821.0,545.0633816355672,503.26332073776246,351.0,282.0,3151.095,1.0,62.0,50.0,2.0,1300.9050000000002,loc1start,61.0,ec105,,61,788.2,718.9,607.5,625.4
166,4,1.0,52,1362.9050000000002,,blink,,87.38066147609547,817.0,553.0,,538.8225867574596,349.0,821.0,,612.713130265706,351.0,282.0,3151.095,1.0,62.0,50.0,2.0,1312.9050000000002,loc1start,61.0,ec105,,61,,853.7,,632.3
167,4,1.0,240,1602.9050000000002,loc1end,ESACC,120.99541313620121,700.0032357068073,817.0,553.0,438.2609838897366,180.68904227982398,349.0,821.0,551.7203005146721,702.8956750471581,351.0,282.0,3151.095,1.0,62.0,50.0,2.0,1364.9050000000002,screen,61.0,ec105,,61,755.5,261.7,657.2,979.2
168,4,1.0,678,2280.905,,EFIX,,80.82481054725713,817.0,553.0,,461.60139731157653,349.0,821.0,,523.6199480539296,351.0,282.0,3151.095,1.0,62.0,50.0,2.0,1604.9050000000002,loc1start,61.0,ec105,,61,,759.4,,609.7
169,4,1.0,16,2296.905,loc1end,ESACC,91.88220720030624,63.483304891916255,817.0,553.0,457.3566879362321,475.8761708680106,349.0,821.0,538.20510960042,512.5923624089614,351.0,282.0,3151.095,1.0,62.0,50.0,2.0,2282.905,loc1start,61.0,ec105,,61,763.5,763.2,627.7,586.7
170,4,1.0,24,2320.905,,blink,,104.40828511186267,817.0,553.0,,459.4147254932083,349.0,821.0,,560.2933963558735,351.0,282.0,3151.095,1.0,62.0,50.0,2.0,2298.905,loc1start,61.0,ec105,,61,,774.8,,648.5
171,4,1.0,252,2572.905,loc1end,ESACC,46.559746562884136,115.77171502573506,817.0,553.0,504.14502873677134,459.15127136925145,349.0,821.0,548.5167362989027,573.5621064889137,351.0,282.0,3151.095,1.0,62.0,50.0,2.0,2322.905,loc1start,61.0,ec105,,61,800.4,780.0,596.5,662.7
172,4,1.0,404,2976.905,,EFIX,,51.53212590219816,817.0,553.0,,511.54468035548956,349.0,821.0,,487.7472296179651,351.0,282.0,3151.095,1.0,62.0,50.0,2.0,2574.905,loc1start,61.0,ec105,,61,,770.4,,531.0
173,4,1.0,20,891.0770000000002,loc1end,ESACC,125.97352896541402,84.98876396324398,281.0,609.0,553.4498441593421,512.682445574256,664.0,406.0,471.3375966332412,503.7478436678414,648.0,839.0,3150.923,2.0,52.0,52.0,1.0,873.0770000000002,loc1start,62.0,ec105,,62,196.8,196.3,702.7,616.0
174,4,1.0,770,1661.0770000000002,,EFIX,,114.16063244393843,281.0,609.0,,544.6966587009691,664.0,406.0,,476.27623287331903,648.0,839.0,3150.923,2.0,52.0,52.0,1.0,893.0770000000002,loc1start,62.0,ec105,,62,,196.9,,686.2
175,4,1.0,16,1677.0770000000002,loc1end,ESACC,101.2049899955531,112.6343642056011,281.0,609.0,530.3216476818573,544.2316602330297,664.0,406.0,513.5231737711551,480.4573862477296,648.0,839.0,3150.923,2.0,52.0,52.0,1.0,1663.0770000000002,loc1start,62.0,ec105,,62,181.1,194.3,625.2,680.9
176,4,1.0,1300,2977.077,,EFIX,,97.4032853655358,281.0,609.0,,521.2187640521013,664.0,406.0,,518.5903971343857,648.0,839.0,3150.923,2.0,52.0,52.0,1.0,1679.0770000000002,loc1start,62.0,ec105,,62,,183.6,,608.2
177,4,2.0,82,858.3359999999998,loc2end,ESACC,680.8396654132308,31.21554100123845,1550.0,797.0,120.24329503136553,590.4803214333226,1125.0,430.0,616.7142369039328,586.9966013530232,1655.0,245.0,3167.664,1.0,55.0,53.0,3.0,778.3359999999998,loc1start,63.0,ec105,,63,1045.6,1564.0,339.7,824.9
178,4,2.0,248,1106.3359999999998,,EFIX,,722.6671294586464,1550.0,797.0,,168.32997356383083,1125.0,430.0,,615.5558301242869,1655.0,245.0,3167.664,1.0,55.0,53.0,3.0,860.3359999999998,loc2start,63.0,ec105,,63,,1040.7,,284.3
179,4,2.0,54,1160.3359999999998,loc1end,ESACC,30.602287496198713,720.7882490718061,1550.0,797.0,586.524083052009,169.2704935894027,1125.0,430.0,559.4823500343867,606.8364689106944,1655.0,245.0,3167.664,1.0,55.0,53.0,3.0,1108.3359999999998,loc2start,63.0,ec105,,63,1580.5,1049.1,799.5,278.7
180,4,2.0,1818,2978.336,,EFIX,,41.41750837508223,1550.0,797.0,,575.620022236892,1125.0,430.0,,535.0461755773981,1655.0,245.0,3167.664,1.0,55.0,53.0,3.0,1162.3359999999998,loc1start,63.0,ec105,,63,,1585.4,,775.5
181,4,2.0,268,1070.8600000000001,loc1end,ESACC,81.75879157619687,49.976894661433306,1262.0,336.0,419.4693075780396,501.9188081751869,1222.0,794.0,378.7327553830009,459.41058977781523,1639.0,600.0,3151.14,1.0,60.0,55.0,1.0,804.8600000000001,loc1start,64.0,ec105,,64,1325.5,1293.5,387.5,297.2
182,4,2.0,1908,2978.86,,EFIX,,32.06883222070925,1262.0,336.0,,491.80525617362,1222.0,794.0,,477.667258664439,1639.0,600.0,3151.14,1.0,60.0,55.0,1.0,1072.8600000000001,loc1start,64.0,ec105,,64,,1264.1,,304.0
183,5,2.0,76,846.4549999999999,screen,ESACC,733.5034083083732,18.53267384917783,1623.0,677.0,490.7588511682698,446.02809328561364,1221.0,500.0,921.0180508545965,457.9081348917051,1575.0,240.0,3149.545,1.0,71.0,74.0,1.0,772.4549999999999,loc1start,66.0,ec105,,66,920.5,1621.9,888.0,695.5
184,5,2.0,134,980.4549999999999,,EFIX,,742.5648591200637,1623.0,677.0,,504.16026221827525,1221.0,500.0,,933.8759928384496,1575.0,240.0,3149.545,1.0,71.0,74.0,1.0,848.4549999999999,screen,66.0,ec105,,66,,914.9,,900.6
185,5,2.0,30,1010.4549999999999,screen,ESACC,888.1476960506062,739.3767375296575,1623.0,677.0,605.8679146480691,497.7836477828495,1221.0,500.0,1044.3114142821576,928.0153878034566,1575.0,240.0,3149.545,1.0,71.0,74.0,1.0,982.4549999999999,screen,66.0,ec105,,66,762.2,916.0,895.7,893.4
186,5,2.0,254,1264.455,,EFIX,,938.0840047671637,1623.0,677.0,,653.6000305997545,1221.0,500.0,,1092.4549418625922,1575.0,240.0,3149.545,1.0,71.0,74.0,1.0,1012.4549999999999,screen,66.0,ec105,,66,,715.4,,914.2
187,5,2.0,12,1276.455,screen,ESACC,945.244037272915,939.5925978848493,1623.0,677.0,646.6591760734552,652.5743252687773,1221.0,500.0,1085.8805136846318,1091.5435172268672,1575.0,240.0,3149.545,1.0,71.0,74.0,1.0,1266.455,screen,66.0,ec105,,66,700.7,712.5,884.0,909.0
188,5,2.0,194,1470.455,,EFIX,,955.5584335873971,1623.0,677.0,,648.1096512165207,1221.0,500.0,,1087.1922185151989,1575.0,240.0,3149.545,1.0,71.0,74.0,1.0,1278.455,screen,66.0,ec105,,66,,686.4,,866.4
189,5,2.0,22,1492.455,screen,ESACC,1042.2235508757226,962.5407731623632,1623.0,677.0,711.653377705748,652.8564467017233,1221.0,500.0,1148.0361187697886,1091.8360408046622,1575.0,240.0,3149.545,1.0,71.0,74.0,1.0,1472.455,screen,66.0,ec105,,66,592.7,678.7,834.2,863.5
190,5,2.0,1486,2978.455,,EFIX,,1075.0777181208807,1623.0,677.0,,734.8151468226549,1221.0,500.0,,1168.9849015278169,1575.0,240.0,3149.545,1.0,71.0,74.0,1.0,1494.455,screen,66.0,ec105,,66,,556.7,,814.1
191,5,1.0,814,1024.893,loc1end,ESACC,84.39016530378403,31.82263345482264,1029.0,463.0,380.96364655961605,408.4829004989071,1469.0,449.0,361.17544213304427,423.1546762119024,1261.0,837.0,3151.107,2.0,65.0,80.0,1.0,212.89300000000003,loc1start,69.0,ec105,,69,1094.1,1060.8,516.7,464.2
192,5,1.0,132,1156.893,,EFIX,,76.47123642259221,1029.0,463.0,,366.4219562198751,1469.0,449.0,,391.0849651929872,1261.0,837.0,3151.107,2.0,65.0,80.0,1.0,1026.893,loc1start,69.0,ec105,,69,,1103.8,,478.9
193,5,1.0,14,1170.893,loc1end,ESACC,41.30907890524793,75.99960526213277,1029.0,463.0,403.13278209542824,365.2061609556991,1469.0,449.0,407.00963133567245,397.41205316396736,1261.0,837.0,3151.107,2.0,65.0,80.0,1.0,1158.893,loc1start,69.0,ec105,,69,1067.0,1104.5,479.2,471.7
194,5,1.0,896,2066.893,,EFIX,,23.572229423624776,1029.0,463.0,,449.65147614569224,1469.0,449.0,,426.06296483031707,1261.0,837.0,3151.107,2.0,65.0,80.0,1.0,1172.893,loc1start,69.0,ec105,,69,,1020.8,,485.1
195,5,1.0,14,2080.893,loc1end,ESACC,23.591947778850262,42.19111280826804,1029.0,463.0,463.63798377613534,466.54870056618955,1469.0,449.0,449.77792297977453,425.04175089042724,1261.0,837.0,3151.107,2.0,65.0,80.0,1.0,2068.893,loc1start,69.0,ec105,,69,1005.7,1005.0,466.7,497.7
196,5,1.0,896,2976.893,,EFIX,,21.015232570685484,1029.0,463.0,,461.1889417581475,1469.0,449.0,,452.1991154347828,1261.0,837.0,3151.107,2.0,65.0,80.0,1.0,2082.893,loc1start,69.0,ec105,,69,,1008.0,,462.2
197,5,1.0,10,906.259,loc1end,ESACC,72.41892017974308,51.250853651427114,252.0,804.0,343.3402102871145,331.66798157193284,501.0,652.0,276.71230547266964,286.0119752737637,245.0,512.0,3167.741,1.0,75.0,65.0,2.0,898.259,loc1start,73.0,ec105,,73,183.1,201.6,781.7,794.7
198,5,1.0,398,1304.259,,EFIX,,88.06111514170145,252.0,804.0,,344.4371640807652,501.0,652.0,,259.723237312336,245.0,512.0,3167.741,1.0,75.0,65.0,2.0,908.259,loc1start,73.0,ec105,,73,,174.6,,762.0
199,5,1.0,14,1318.259,loc1end,ESACC,64.65678618675692,86.29484341488777,252.0,804.0,346.4657270207257,349.0240679380148,501.0,652.0,293.1936220315851,268.1585351988633,245.0,512.0,3167.741,1.0,75.0,65.0,2.0,1306.259,loc1start,73.0,ec105,,73,187.5,172.6,799.5,770.2
200,5,1.0,1660,2978.259,,EFIX,,68.5245211584875,252.0,804.0,,331.0864086609416,501.0,652.0,,264.2691998701324,245.0,512.0,3167.741,1.0,75.0,65.0,2.0,1320.259,loc1start,73.0,ec105,,73,,192.0,,770.9
201,5,1.0,10,2560.948,loc1end,ESACC,31.48412298286233,10.547511554864494,1277.0,608.0,381.5878011676998,369.8124524674636,921.0,501.0,350.66258711188453,361.8677244519052,1192.0,246.0,3151.052,1.0,70.0,73.0,2.0,2552.948,loc1start,77.0,ec105,,77,1294.0,1278.0,581.5,597.5
202,5,1.0,416,2976.948,,EFIX,,42.34725492874359,1277.0,608.0,,401.04624421629984,921.0,501.0,,360.6065584539472,1192.0,246.0,3151.052,1.0,70.0,73.0,2.0,2562.948,loc1start,77.0,ec105,,77,,1313.0,,585.7
203,5,2.0,16,2460.947,loc1end,ESACC,25.7124483470556,27.789386463180506,797.0,624.0,253.81357331711007,294.7409879877585,993.0,435.0,248.15988797547433,270.20779041322993,1059.0,699.0,3151.053,1.0,69.0,76.0,2.0,2446.947,loc1start,78.0,ec105,,78,822.7,793.0,623.2,651.5
204,5,2.0,136,2596.947,,EFIX,,51.22352974952042,797.0,624.0,,225.24708655163556,993.0,435.0,,234.82983200607194,1059.0,699.0,3151.053,1.0,69.0,76.0,2.0,2462.947,loc1start,78.0,ec105,,78,,844.2,,604.1
205,5,2.0,18,2614.947,loc1end,ESACC,130.59866002375367,55.32250898142638,797.0,624.0,148.30782177619628,220.29475708695384,993.0,435.0,205.91845473390674,234.37529733314466,1059.0,699.0,3151.053,1.0,69.0,76.0,2.0,2598.947,loc1start,78.0,ec105,,78,909.4,846.7,557.5,599.7
206,5,2.0,140,2754.947,,EFIX,,164.53194218752785,797.0,624.0,,113.54717081460021,993.0,435.0,,209.6801373521107,1059.0,699.0,3151.053,1.0,69.0,76.0,2.0,2616.947,loc2start,78.0,ec105,,78,,933.0,,531.4
207,5,2.0,30,2784.947,loc1end,ESACC,25.9387740650941,161.17177172197367,797.0,624.0,278.63815244865515,116.82439813669065,993.0,435.0,253.718781330827,209.37129698217944,1059.0,699.0,3151.053,1.0,69.0,76.0,2.0,2756.947,loc2start,78.0,ec105,,78,810.9,930.5,645.9,533.7
208,5,2.0,192,2976.947,,EFIX,,43.307736029490165,797.0,624.0,,312.47361488612125,993.0,435.0,,280.78988585773527,1059.0,699.0,3151.053,1.0,69.0,76.0,2.0,2786.947,loc1start,78.0,ec105,,78,,780.4,,664.0
209,6,2.0,14,2710.9790000000003,loc1end,ESACC,55.19284373902109,26.70973605260825,937.0,790.0,219.61614239395064,237.6190438496039,729.0,627.0,217.21015169646193,253.97206539302704,974.0,528.0,3151.0209999999997,3.0,86.0,91.0,2.0,2698.9790000000003,loc1start,83.0,ec105,,83,918.5,914.9,738.0,775.0
210,6,2.0,266,2976.9790000000003,,EFIX,,52.971784942552205,937.0,790.0,,226.90396647039907,729.0,627.0,,215.21712292473384,974.0,528.0,3151.0209999999997,3.0,86.0,91.0,2.0,2712.9790000000003,loc1start,83.0,ec105,,83,,926.9,,738.0
211,6,2.0,12,1171.2070000000003,loc1end,ESACC,106.65242613274205,138.91299435258026,506.0,294.0,583.3033001792463,608.2187271039917,880.0,619.0,491.85886186994736,489.96165156060937,412.0,780.0,3150.7929999999997,1.0,91.0,90.0,1.0,1161.2070000000003,loc1start,84.0,ec105,,84,399.5,367.1,288.3,292.1
212,6,2.0,624,1795.2070000000003,,EFIX,,67.02902356442318,506.0,294.0,,554.0459276991394,880.0,619.0,,498.4870008335222,412.0,780.0,3150.7929999999997,1.0,91.0,90.0,1.0,1173.2070000000003,loc1start,84.0,ec105,,84,,440.0,,282.3
213,6,2.0,12,1807.2070000000003,loc1end,ESACC,101.08936640418715,72.9653342348269,506.0,294.0,581.3596649235308,560.564304964203,880.0,619.0,496.9425117656971,502.01348587463264,412.0,780.0,3150.7929999999997,1.0,91.0,90.0,1.0,1797.2070000000003,loc1start,84.0,ec105,,84,405.5,434.7,283.1,278.5
214,6,2.0,1172,2979.2070000000003,,EFIX,,147.2660857088284,506.0,294.0,,607.0707537017412,880.0,619.0,,476.02615474362335,412.0,780.0,3150.7929999999997,1.0,91.0,90.0,1.0,1809.2070000000003,loc1start,84.0,ec105,,84,,359.3,,306.9
215,6,1.0,10,1553.107,loc1end,ESACC,104.12732590439457,84.68400085021959,658.0,443.0,416.42826513098265,403.45480539956395,452.0,803.0,502.31514012619607,479.5508106551379,867.0,801.0,3150.893,1.0,84.0,92.0,2.0,1545.107,loc1start,85.0,ec105,,85,562.5,576.7,401.5,419.3
216,6,1.0,1426,2979.107,,EFIX,,115.62698646942246,658.0,443.0,,428.12428102129405,452.0,803.0,,516.9203033350499,867.0,801.0,3150.893,1.0,84.0,92.0,2.0,1555.107,loc1start,85.0,ec105,,85,,556.4,,387.8
217,6,1.0,14,1364.942,loc1end,ESACC,70.45580174833009,46.26035019322706,1444.0,382.0,383.2946908059124,352.79458612626127,1371.0,695.0,385.2428065519199,367.5785902361562,1679.0,602.0,3151.058,1.0,94.0,88.0,2.0,1352.942,loc1start,87.0,ec105,,87,1421.9,1416.1,315.1,345.1
218,6,1.0,1614,2978.942,,EFIX,,81.84259282305274,1444.0,382.0,,398.9471268225904,1371.0,695.0,,388.815136022249,1679.0,602.0,3151.058,1.0,94.0,88.0,2.0,1366.942,loc1start,87.0,ec105,,87,,1433.0,,300.9
219,6,2.0,14,1460.9270000000001,loc1end,ESACC,31.75862087685797,73.31855154052086,1674.0,440.0,471.33916663056976,515.8404889110587,1228.0,465.0,476.79430575458844,505.77802443364425,1473.0,839.0,3151.073,1.0,87.0,85.0,1.0,1448.9270000000001,loc1start,89.0,ec105,,89,1697.0,1740.9,418.1,410.0
220,6,2.0,366,1826.9270000000001,,EFIX,,10.32472759931225,1674.0,440.0,,443.5515753551103,1228.0,465.0,,453.69791712107303,1473.0,839.0,3151.073,1.0,87.0,85.0,1.0,1462.9270000000001,loc1start,89.0,ec105,,89,,1670.2,,430.4
221,6,2.0,12,1838.9270000000001,loc1end,ESACC,53.09472666847427,23.07054399011861,1674.0,440.0,492.7131518439506,457.4390123284195,1228.0,465.0,494.09275445001214,469.79788207270576,1473.0,839.0,3151.073,1.0,87.0,85.0,1.0,1828.9270000000001,loc1start,89.0,ec105,,89,1717.6,1683.1,409.7,418.8
222,6,2.0,1138,2976.927,,EFIX,,76.73538948881401,1674.0,440.0,,520.2658166745149,1228.0,465.0,,506.2591431273118,1473.0,839.0,3151.073,1.0,87.0,85.0,1.0,1840.9270000000001,loc1start,89.0,ec105,,89,,1745.6,,412.4
223,6,1.0,18,852.9250000000002,loc1end,ESACC,52.2404058177193,110.94908742301585,1116.0,246.0,594.6473408668368,654.0912015919494,1669.0,309.0,606.8451697097045,655.5724978978299,1338.0,756.0,3151.075,2.0,92.0,87.0,1.0,836.9250000000002,loc1start,91.0,ec105,,91,1083.5,1028.1,205.1,178.3
224,6,1.0,624,1476.9250000000002,,EFIX,,13.06139349380455,1116.0,246.0,,555.5949963777573,1669.0,309.0,,566.971075099956,1338.0,756.0,3151.075,2.0,92.0,87.0,1.0,854.9250000000002,loc1start,91.0,ec105,,91,,1118.6,,233.2
225,6,1.0,18,1494.9250000000002,loc1end,ESACC,61.4485964038236,13.008074415531276,1116.0,246.0,606.0770000585735,561.6972583162569,1669.0,309.0,613.6992178583904,569.1235454626701,1338.0,756.0,3151.075,2.0,92.0,87.0,1.0,1478.9250000000002,loc1start,91.0,ec105,,91,1072.3,1112.4,202.8,233.5
226,6,1.0,826,2320.925,,EFIX,,116.88768113022007,1116.0,246.0,,659.4983927198003,1669.0,309.0,,660.9308057580613,1338.0,756.0,3151.075,2.0,92.0,87.0,1.0,1496.9250000000002,loc1start,91.0,ec105,,91,,1023.3,,174.8
227,6,1.0,12,2332.925,loc1end,ESACC,73.48156231327692,101.08540943182652,1116.0,246.0,610.5495393495928,643.3417909634038,1669.0,309.0,627.5663630246605,648.2362686551871,1338.0,756.0,3151.075,2.0,92.0,87.0,1.0,2322.925,loc1start,91.0,ec105,,91,1070.5,1038.5,188.3,181.1
228,6,1.0,644,2976.925,,EFIX,,54.186714238824294,1116.0,246.0,,599.0173620188317,1669.0,309.0,,607.4742792909013,1338.0,756.0,3151.075,2.0,92.0,87.0,1.0,2334.925,loc1start,91.0,ec105,,91,,1078.8,,206.6
229,6,1.0,16,2690.9390000000003,loc1end,ESACC,143.8161673804444,113.01769772916097,297.0,268.0,729.1104785970367,715.961172131562,908.0,348.0,754.2378205844626,716.4562791964349,533.0,837.0,3151.0609999999997,1.0,83.0,86.0,2.0,2676.9390000000003,loc1start,92.0,ec105,,92,204.0,207.8,158.3,198.6
230,6,1.0,184,2874.9390000000003,,EFIX,,174.92252570781156,297.0,268.0,,748.4191940350007,908.0,348.0,,786.8457853988925,533.0,837.0,3151.0609999999997,1.0,83.0,86.0,2.0,2692.9390000000003,loc1start,92.0,ec105,,92,,192.8,,127.5
231,6,1.0,20,2894.9390000000003,screen,ESACC,207.8539150461208,176.38123482955888,297.0,268.0,747.5742438045869,745.6170196555333,908.0,348.0,823.7537556818785,789.4331763993707,533.0,837.0,3151.0609999999997,1.0,83.0,86.0,2.0,2876.9390000000003,loc1start,92.0,ec105,,92,210.5,197.3,79.0,122.5
232,6,1.0,82,2976.9390000000003,,EFIX,,258.250363020074,297.0,268.0,,754.0988330451122,908.0,348.0,,872.7350399749055,533.0,837.0,3151.0609999999997,1.0,83.0,86.0,2.0,2896.9390000000003,screen,92.0,ec105,,92,,229.6,,18.7
233,6,2.0,10,2351.008,loc1end,ESACC,31.472051092993613,22.585393509965733,1254.0,465.0,425.1636038044649,398.1011178080262,1658.0,501.0,437.0621122906903,420.39279251671286,1425.0,833.0,3150.992,3.0,81.0,96.0,2.0,2343.008,loc1start,93.0,ec105,,93,1237.5,1263.9,438.2,444.7
234,6,2.0,464,2815.008,,EFIX,,57.701386465144914,1254.0,465.0,,455.85332070743993,1658.0,501.0,,457.2833366743206,1425.0,833.0,3150.992,3.0,81.0,96.0,2.0,2353.008,loc1start,93.0,ec105,,93,,1207.6,,430.7
235,6,2.0,14,2829.008,loc1end,ESACC,64.64673232267812,64.53402203489259,1254.0,465.0,429.22068915652227,460.45004072103194,1658.0,501.0,469.0528754842038,464.71328795290543,1425.0,833.0,3150.992,3.0,81.0,96.0,2.0,2817.008,loc1start,93.0,ec105,,93,1240.4,1204.0,401.8,424.2
236,6,2.0,150,2979.008,,EFIX,,66.88647097881605,1254.0,465.0,,413.5797383818505,1658.0,501.0,,465.983690701724,1425.0,833.0,3150.992,3.0,81.0,96.0,2.0,2831.008,loc1start,93.0,ec105,,93,,1257.4,,398.2
237,6,1.0,18,2182.8390000000004,loc1end,ESACC,19.520758181996932,30.03747659175118,1037.0,723.0,466.75760304466377,493.0124237785494,1455.0,494.0,456.6117168886493,506.15437368455093,1048.0,247.0,3151.1609999999996,2.0,82.0,95.0,2.0,2166.8390000000004,loc1start,96.0,ec105,,96,1037.9,1035.5,703.5,753.0
238,6,1.0,794,2976.8390000000004,,EFIX,,42.92609928703048,1037.0,723.0,,463.8853845509686,1455.0,494.0,,433.9611157696044,1048.0,247.0,3151.1609999999996,2.0,82.0,95.0,2.0,2184.8390000000004,loc1start,96.0,ec105,,96,,1030.3,,680.6
239,7,2.0,12,1166.4940000000001,loc1end,ESACC,61.45640731445336,34.38037230746638,623.0,719.0,472.7315199984025,475.2862400701287,1018.0,481.0,413.71764526062947,440.8925152460631,614.0,258.0,3167.506,3.0,105.0,108.0,3.0,1156.4940000000001,loc1start,97.0,ec105,,97,585.0,595.4,670.7,698.5
240,7,2.0,584,1750.4940000000001,,EFIX,,61.32446493855449,623.0,719.0,,438.6008321925529,1018.0,481.0,,400.0091123962053,614.0,258.0,3167.506,3.0,105.0,108.0,3.0,1168.4940000000001,loc1start,97.0,ec105,,97,,616.7,,658.0
241,7,2.0,14,1764.4940000000001,loc1end,ESACC,44.88763749630847,56.646712172905524,623.0,719.0,471.8178674022424,436.75307669208235,1018.0,481.0,428.22015365930645,404.4554981700706,614.0,258.0,3167.506,3.0,105.0,108.0,3.0,1752.4940000000001,loc1start,97.0,ec105,,97,592.9,620.7,685.7,662.4
242,7,2.0,1208,2972.494,,EFIX,,37.336309405188985,623.0,719.0,,471.274230146313,1018.0,481.0,,434.74038229729706,614.0,258.0,3167.506,3.0,105.0,108.0,3.0,1766.4940000000001,loc1start,97.0,ec105,,97,,596.8,,692.4
243,7,1.0,16,2407.0,loc1end,ESACC,22.65303511673435,35.17172159562277,886.0,834.0,438.6246231118358,479.3010014594169,1346.0,816.0,454.90412176633436,495.0000505050479,1100.0,427.0,3151.0,2.0,112.0,98.0,1.0,2393.0,loc1start,98.0,ec105,,98,908.0,869.2,839.4,864.9
244,7,1.0,570,2977.0,,EFIX,,39.2587569849072,886.0,834.0,,421.6008183104013,1346.0,816.0,,447.16579699256965,1100.0,427.0,3151.0,2.0,112.0,98.0,1.0,2409.0,loc1start,98.0,ec105,,98,,925.0,,838.5
245,7,1.0,18,1953.0949999999998,loc1end,ESACC,51.822003048898026,95.92267719366467,1066.0,500.0,213.24052147750905,166.47750598804635,1153.0,743.0,260.6559418083539,248.95051717158572,1320.0,546.0,3150.905,1.0,100.0,111.0,2.0,1937.0949999999998,loc1start,103.0,ec105,,103,1059.4,1076.0,551.4,595.4
246,7,1.0,1026,2979.095,,EFIX,,44.52426304836497,1066.0,500.0,,240.48078925352854,1153.0,743.0,,284.3019697434402,1320.0,546.0,3150.905,1.0,100.0,111.0,2.0,1955.0949999999998,loc1start,103.0,ec105,,103,,1036.0,,532.9
247,7,2.0,14,1426.4029999999998,loc1end,ESACC,29.202225942554396,62.95371315498396,1091.0,527.0,288.1953677629118,314.316671527299,1007.0,282.0,273.91562569521295,315.53156735895703,1261.0,332.0,3167.597,1.0,99.0,107.0,1.0,1414.4029999999998,loc1start,104.0,ec105,,104,1101.1,1077.1,554.4,588.4
248,7,2.0,1552,2978.403,,EFIX,,18.63035158015007,1091.0,527.0,,277.24121266507257,1007.0,282.0,,271.5494245989116,1261.0,332.0,3167.597,1.0,99.0,107.0,1.0,1428.4029999999998,loc1start,104.0,ec105,,104,,1093.2,,545.5
249,7,1.0,10,1935.0459999999998,loc1end,ESACC,85.56097241149143,105.64852104975252,377.0,328.0,574.8725771855882,583.3889011628521,749.0,693.0,491.93666258980943,480.18809856138665,247.0,833.0,3150.954,1.0,106.0,109.0,2.0,1927.0459999999998,loc1start,106.0,ec105,,106,292.8,274.5,343.2,353.6
250,7,1.0,770,2705.046,,EFIX,,64.13930152410452,377.0,328.0,,556.3384311729686,749.0,693.0,,492.9268201264768,247.0,833.0,3150.954,1.0,106.0,109.0,2.0,1937.0459999999998,loc1start,106.0,ec105,,106,,315.1,,344.8
251,7,1.0,38,2743.046,loc1end,ESACC,97.09814622329307,92.5099994595179,377.0,328.0,581.6891351916416,576.7818478419722,749.0,693.0,487.6361861059944,486.52245580240174,247.0,833.0,3150.954,1.0,106.0,109.0,2.0,2707.046,loc1start,106.0,ec105,,106,281.7,286.7,346.6,348.1
252,7,1.0,234,2977.046,,EFIX,,97.63626375481601,377.0,328.0,,582.7279296549978,749.0,693.0,,488.3849301524362,247.0,833.0,3150.954,1.0,106.0,109.0,2.0,2745.046,loc1start,106.0,ec105,,106,,281.0,,345.8
253,8,2.0,12,1819.255,loc1end,ESACC,23.372847494475305,47.26489183315664,309.0,804.0,595.2622027308638,617.0652882799355,847.0,610.0,583.1834102578707,607.8652564508026,410.0,241.0,3158.745,1.0,120.0,121.0,1.0,1809.255,loc1start,113.0,ec105,,113,286.7,271.6,811.0,832.9
254,8,2.0,1158,2977.255,,EFIX,,30.82742285693047,309.0,804.0,,599.9809413639737,847.0,610.0,,575.4727882358992,410.0,241.0,3158.745,1.0,120.0,121.0,1.0,1821.255,loc1start,113.0,ec105,,113,,278.3,,801.2
255,8,1.0,14,942.9259999999999,loc1end,ESACC,37.551564547965285,23.791805311913677,1201.0,604.0,220.34636370950167,254.17720196744636,1189.0,348.0,231.04051592740169,234.45777871505987,1417.0,466.0,3151.074,3.0,119.0,116.0,2.0,930.9259999999999,loc1start,115.0,ec105,,115,1209.4,1224.4,567.4,599.7
256,8,1.0,1064,2006.926,,EFIX,,41.26984371184369,1201.0,604.0,,215.28214045758645,1189.0,348.0,,234.51055413349727,1417.0,466.0,3151.074,3.0,119.0,116.0,2.0,944.9259999999999,loc1start,115.0,ec105,,115,,1203.4,,562.8
257,8,1.0,12,2018.926,loc1end,ESACC,70.33078984342491,44.25742875495594,1201.0,604.0,186.90323699711567,212.4455694995779,1189.0,348.0,239.23632667302005,242.71036236633975,1417.0,466.0,3151.074,3.0,119.0,116.0,2.0,2008.926,loc1start,115.0,ec105,,115,1187.9,1193.4,534.9,560.4
258,8,1.0,242,2260.926,,EFIX,,80.05060899206204,1201.0,604.0,,176.9002543808233,1189.0,348.0,,235.77552884046295,1417.0,466.0,3151.074,3.0,119.0,116.0,2.0,2020.926,loc1start,115.0,ec105,,115,,1188.7,,524.9
259,8,1.0,18,2278.926,loc1end,ESACC,33.318163214679075,67.23287886146184,1201.0,604.0,230.8048959619358,189.51163552668737,1189.0,348.0,225.88514780746442,236.94526794177605,1417.0,466.0,3151.074,3.0,119.0,116.0,2.0,2262.926,loc1start,115.0,ec105,,115,1220.1,1191.1,576.7,537.5
260,8,1.0,700,2978.926,,EFIX,,29.260553651631394,1201.0,604.0,,240.90035284324506,1189.0,348.0,,227.16817558804314,1417.0,466.0,3151.074,3.0,119.0,116.0,2.0,2280.926,loc1start,115.0,ec105,,115,,1224.3,,586.3
261,8,1.0,34,220.83099999999968,loc1end,ESACC,23.817010727629107,46.0929495693213,1576.0,824.0,474.71175464696466,498.81275043847864,1468.0,384.0,472.63119871629294,482.1862295835499,1141.0,698.0,3151.1690000000003,2.0,121.0,122.0,1.0,188.83099999999968,loc1start,116.0,ec105,,116,1591.0,1592.6,842.5,867.0
262,8,1.0,54,274.8309999999997,,EFIX,,24.129857024027295,1576.0,824.0,,477.09186746369926,1468.0,384.0,,467.2278352153263,1141.0,698.0,3151.1690000000003,2.0,121.0,122.0,1.0,222.83099999999968,loc1start,116.0,ec105,,116,,1583.9,,846.8
263,8,1.0,40,314.8309999999997,loc1end,ESACC,30.770927837814785,24.893774322107156,1576.0,824.0,483.1989755783843,477.7962955067777,1468.0,384.0,474.01081211297287,463.2948305345096,1141.0,698.0,3151.1690000000003,2.0,121.0,122.0,1.0,276.8309999999997,loc1start,116.0,ec105,,116,1589.4,1579.1,851.7,848.7
264,8,1.0,368,682.8309999999997,,EFIX,,22.238929830367237,1576.0,824.0,,475.175935838506,1468.0,384.0,,466.3414736006223,1141.0,698.0,3151.1690000000003,2.0,121.0,122.0,1.0,316.8309999999997,loc1start,116.0,ec105,,116,,1583.6,,844.9
265,8,1.0,30,712.8309999999997,loc1end,ESACC,20.359027481684905,20.884922791334443,1576.0,824.0,469.7259733078426,473.46064250368266,1468.0,384.0,471.5155246648831,467.2692799660598,1141.0,698.0,3151.1690000000003,2.0,121.0,122.0,1.0,684.8309999999997,loc1start,116.0,ec105,,116,1591.5,1585.3,837.2,842.7
266,8,1.0,326,1038.8309999999997,,EFIX,,19.63695495742655,1576.0,824.0,,471.89152355175867,1468.0,384.0,,467.3814395116691,1141.0,698.0,3151.1690000000003,2.0,121.0,122.0,1.0,714.8309999999997,loc1start,116.0,ec105,,116,,1586.0,,840.9
267,8,1.0,32,1070.8309999999997,loc1end,ESACC,14.928161306738378,12.854960132182441,1576.0,824.0,467.95774381881967,465.91549663002195,1468.0,384.0,459.6631919133834,459.37593537319736,1141.0,698.0,3151.1690000000003,2.0,121.0,122.0,1.0,1040.8309999999997,loc1start,116.0,ec105,,116,1578.6,1579.0,838.7,836.5
268,8,1.0,1906,2976.8309999999997,,EFIX,,36.02027207004409,1576.0,824.0,,486.45396493399045,1468.0,384.0,,482.064580735818,1141.0,698.0,3151.1690000000003,2.0,121.0,122.0,1.0,1072.8309999999997,loc1start,116.0,ec105,,116,,1597.5,,852.9
269,8,1.0,812,1196.8590000000004,loc1end,ESACC,36.34198673710617,22.36470433517956,314.0,555.0,483.8569416676793,462.86518555622655,732.0,392.0,459.0106098991613,470.3596283696125,664.0,835.0,3151.1409999999996,2.0,126.0,113.0,1.0,386.8590000000004,loc1start,121.0,ec105,,121,284.7,294.7,576.5,543.7
270,8,1.0,528,1724.8590000000004,,EFIX,,21.54065922853802,314.0,555.0,,462.0478330216472,732.0,392.0,,469.59131167431116,664.0,835.0,3151.1409999999996,2.0,126.0,113.0,1.0,1198.8590000000004,loc1start,121.0,ec105,,121,,295.6,,543.8
271,8,1.0,136,1860.8590000000004,loc1end,ESACC,40.67677470006689,27.532707821789003,314.0,555.0,464.08706079786367,461.47399710059506,732.0,392.0,488.31403829912574,475.69323097979856,664.0,835.0,3151.1409999999996,2.0,126.0,113.0,1.0,1726.8590000000004,loc1start,121.0,ec105,,121,287.2,293.7,524.4,536.4
272,8,1.0,574,2434.8590000000004,,EFIX,,38.66497122719732,314.0,555.0,,481.63158119043646,732.0,392.0,,448.0591255626873,664.0,835.0,3151.1409999999996,2.0,126.0,113.0,1.0,1862.8590000000004,loc1start,121.0,ec105,,121,,291.3,,586.3
273,8,1.0,282,2716.8590000000004,loc1end,ESACC,43.471599924548485,45.50703242357163,314.0,555.0,484.38185349990147,484.2985546127512,732.0,392.0,445.5870060942083,442.44874279400995,664.0,835.0,3151.1409999999996,2.0,126.0,113.0,1.0,2436.8590000000004,loc1start,121.0,ec105,,121,290.7,292.3,591.7,595.0
274,8,1.0,150,2866.8590000000004,,EFIX,,39.79597969644676,314.0,555.0,,486.10073030185833,732.0,392.0,,456.40740572431554,664.0,835.0,3151.1409999999996,2.0,126.0,113.0,1.0,2718.8590000000004,loc1start,121.0,ec105,,121,,284.4,,581.6
275,8,1.0,14,2880.8590000000004,loc1end,ESACC,31.967796295647258,35.14327816240256,314.0,555.0,469.0321310955146,482.72005344713,732.0,392.0,479.8957595145012,458.7189226530773,664.0,835.0,3151.1409999999996,2.0,126.0,113.0,1.0,2868.8590000000004,loc1start,121.0,ec105,,121,286.5,285.6,538.7,575.7
276,8,1.0,96,2976.8590000000004,,EFIX,,41.796889836446006,314.0,555.0,,459.57217061088454,732.0,392.0,,488.2509395792291,664.0,835.0,3151.1409999999996,2.0,126.0,113.0,1.0,2882.8590000000004,loc1start,121.0,ec105,,121,,290.7,,520.3
277,8,2.0,390,512.9570000000003,loc1end,ESACC,16.06113321033108,22.29259966894844,453.0,413.0,492.3439448190665,498.1802485044946,929.0,430.0,485.3274770708949,483.99148752844815,676.0,834.0,3151.0429999999997,2.0,113.0,114.0,2.0,124.95700000000033,loc1start,122.0,ec105,,122,437.0,431.0,411.6,416.6
278,8,2.0,500,1012.9570000000003,,EFIX,,25.33002171337404,453.0,413.0,,500.07920372676966,929.0,430.0,,481.13969904799995,676.0,834.0,3151.0429999999997,2.0,113.0,114.0,2.0,514.9570000000003,loc1start,122.0,ec105,,122,,429.0,,421.1
279,8,2.0,388,1400.9570000000003,loc1end,ESACC,26.82871595883785,30.675723300355934,453.0,413.0,502.7947692647568,505.04851252132204,929.0,430.0,493.844287199923,482.1047603996459,676.0,834.0,3151.0429999999997,2.0,113.0,114.0,2.0,1014.9570000000003,loc1start,122.0,ec105,,122,426.7,424.0,407.7,423.0
280,8,2.0,502,1902.9570000000003,,EFIX,,21.878985351245166,453.0,413.0,,497.4447607523875,929.0,430.0,,482.4297772733354,676.0,834.0,3151.0429999999997,2.0,113.0,114.0,2.0,1402.9570000000003,loc1start,122.0,ec105,,122,,431.7,,418.0
281,8,2.0,266,2168.9570000000003,loc1end,ESACC,16.690416411821467,10.159232254457034,453.0,413.0,492.59615305034606,485.68488755570723,929.0,430.0,481.6147526810199,477.7855271981352,676.0,834.0,3151.0429999999997,2.0,113.0,114.0,2.0,1904.9570000000003,loc1start,122.0,ec105,,122,436.6,443.5,416.1,416.6
282,8,2.0,490,2658.9570000000003,,EFIX,,35.50507006048573,453.0,413.0,,511.8027061280548,929.0,430.0,,494.5389873407354,676.0,834.0,3151.0429999999997,2.0,113.0,114.0,2.0,2170.9570000000003,loc1start,122.0,ec105,,122,,417.5,,412.4
283,8,2.0,136,2794.9570000000003,loc1end,ESACC,13.602940858505551,33.39371198294674,453.0,413.0,486.8946908726773,509.6731697862857,929.0,430.0,489.16483929244134,495.0171108153737,676.0,834.0,3151.0429999999997,2.0,113.0,114.0,2.0,2660.9570000000003,loc1start,122.0,ec105,,122,442.8,419.7,404.0,410.5
284,8,2.0,182,2976.9570000000003,,EFIX,,11.963277142990512,453.0,413.0,,486.01288048775,929.0,430.0,,487.37697934966104,676.0,834.0,3151.0429999999997,2.0,113.0,114.0,2.0,2796.9570000000003,loc1start,122.0,ec105,,122,,443.6,,405.6
285,8,1.0,636,636.3649999999998,,EFIX,,19.55326059765993,1009.0,764.0,,547.5702055444581,506.0,594.0,,548.6675951794493,905.0,243.0,3167.635,1.0,114.0,118.0,2.0,2.3649999999997817,loc1start,123.0,ec105,,123,,1021.3,,779.2
286,8,1.0,802,1438.3649999999998,loc1end,ESACC,15.008331019803634,26.009421369957508,1009.0,764.0,526.8180425915574,543.4588208871027,506.0,594.0,516.6780912715383,557.2655471137616,905.0,243.0,3167.635,1.0,114.0,118.0,2.0,638.3649999999998,loc1start,123.0,ec105,,123,1009.5,1013.0,749.0,789.7
287,8,1.0,506,1944.3649999999998,,EFIX,,13.839797686382584,1009.0,764.0,,541.9933025416459,506.0,594.0,,544.0892757627189,905.0,243.0,3167.635,1.0,114.0,118.0,2.0,1440.3649999999998,loc1start,123.0,ec105,,123,,1016.7,,775.5
288,8,1.0,124,2068.365,loc1end,ESACC,13.595955280891415,14.389232085139257,1009.0,764.0,533.2317038586509,539.6299194818612,506.0,594.0,543.9910385291287,545.5773547353299,905.0,243.0,3167.635,1.0,114.0,118.0,2.0,1946.3649999999998,loc1start,123.0,ec105,,123,1006.7,1013.4,777.4,777.7
289,8,1.0,508,2576.365,,EFIX,,11.414026458704274,1009.0,764.0,,536.7126605549752,506.0,594.0,,542.6926201819958,905.0,243.0,3167.635,1.0,114.0,118.0,2.0,2070.365,loc1start,123.0,ec105,,123,,1011.2,,775.2
290,8,1.0,402,2978.365,loc1end,ESACC,31.308145904860005,23.942639787625758,1009.0,764.0,547.1358149490857,515.0400469866397,506.0,594.0,516.169352054149,538.9297264022463,905.0,243.0,3167.635,1.0,114.0,118.0,2.0,2578.365,loc1start,123.0,ec105,,123,1032.4,988.0,743.2,775.5
291,8,2.0,464,1040.9070000000002,,EFIX,,50.77647092896477,699.0,300.0,,411.64723975753805,367.0,610.0,,458.4273661115794,801.0,743.0,3151.093,1.0,122.0,120.0,1.0,578.9070000000002,loc1start,124.0,ec105,,124,,649.3,,310.4
292,8,2.0,10,1050.9070000000002,loc1end,ESACC,24.88473427625861,41.039493174258375,699.0,300.0,444.4786271577071,423.87290547993274,367.0,610.0,469.44781392610616,463.79568777641737,801.0,743.0,3151.093,1.0,122.0,120.0,1.0,1042.9070000000002,loc1start,124.0,ec105,,124,676.0,658.0,290.5,301.8
293,8,2.0,22,1072.9070000000002,,blink,,17.164206943520554,699.0,300.0,,463.79371492076086,367.0,610.0,,471.7340458351506,801.0,743.0,3151.093,1.0,122.0,120.0,1.0,1052.9070000000002,loc1start,124.0,ec105,,124,,696.0,,283.1
294,8,2.0,254,1326.9070000000002,loc1end,ESACC,22.887551201471958,21.061813787041224,699.0,300.0,471.4995652171909,473.5402833973051,367.0,610.0,476.4133079585414,471.8179733753262,801.0,743.0,3151.093,1.0,122.0,120.0,1.0,1074.9070000000002,loc1start,124.0,ec105,,124,701.0,707.2,277.2,280.6
295,8,2.0,496,1822.9070000000002,,EFIX,,23.44376249666423,699.0,300.0,,475.28098005285256,367.0,610.0,,474.3861401853979,801.0,743.0,3151.093,1.0,122.0,120.0,1.0,1328.9070000000002,loc1start,124.0,ec105,,124,,707.1,,278.0
296,8,2.0,120,1942.9070000000002,loc1end,ESACC,27.102213931706757,24.191940806805853,699.0,300.0,466.4154049771513,464.68058922231734,367.0,610.0,481.60100705874777,478.6636083932013,801.0,743.0,3151.093,1.0,122.0,120.0,1.0,1824.9070000000002,loc1start,124.0,ec105,,124,690.7,691.2,274.2,277.1
297,8,2.0,500,2442.907,,EFIX,,23.2847589637514,699.0,300.0,,474.4902317224244,367.0,610.0,,474.95913508427225,801.0,743.0,3151.093,1.0,122.0,120.0,1.0,1944.9070000000002,loc1start,124.0,ec105,,124,,705.7,,277.7
298,8,2.0,534,2976.907,loc1end,ESACC,38.06363093557945,18.383144453547665,699.0,300.0,455.79034654103856,451.7078037847033,367.0,610.0,487.8899875996637,468.99972281441705,801.0,743.0,3151.093,1.0,122.0,120.0,1.0,2444.907,loc1start,124.0,ec105,,124,673.0,684.5,272.2,288.7
299,8,2.0,16,1993.469,loc1end,ESACC,14.916433890176299,76.8315039550834,879.0,622.0,251.61180417460545,180.33269254353192,650.0,739.0,242.5912199565351,228.06463995981497,663.0,482.0,3184.531,1.0,128.0,117.0,1.0,1979.469,loc1start,127.0,ec105,,127,867.5,810.2,612.5,656.2
300,8,2.0,984,2977.469,,EFIX,,12.826534995859188,879.0,622.0,,265.2208890717321,650.0,739.0,,252.8424806079864,663.0,482.0,3184.531,1.0,128.0,117.0,1.0,1995.469,loc1start,127.0,ec105,,127,,881.4,,609.4
301,8,2.0,502,720.9749999999999,,EFIX,,58.549978650721975,309.0,573.0,,480.5764247234773,736.0,661.0,,492.5623818360472,599.0,247.0,3151.025,3.0,118.0,123.0,1.0,220.9749999999999,loc1start,128.0,ec105,,128,,258.9,,603.3
302,8,2.0,390,1110.975,loc1end,ESACC,52.27504184598998,84.48490989519965,309.0,573.0,476.95249239311033,501.9483041110907,736.0,661.0,485.9043938883451,517.3355777442723,599.0,247.0,3151.025,3.0,118.0,123.0,1.0,722.9749999999999,loc1start,128.0,ec105,,128,263.2,236.1,598.2,615.7
303,8,2.0,506,1616.975,,EFIX,,44.9027838780626,309.0,573.0,,460.1389572726917,736.0,661.0,,481.2237109702721,599.0,247.0,3151.025,3.0,118.0,123.0,1.0,1112.975,loc1start,128.0,ec105,,128,,279.1,,606.5
304,8,2.0,254,1870.975,loc1end,ESACC,36.97485632155991,35.970682506730434,309.0,573.0,472.83606038456924,447.55523681440707,736.0,661.0,458.3613639913382,471.3791361526304,599.0,247.0,3151.025,3.0,118.0,123.0,1.0,1618.975,loc1start,128.0,ec105,,128,272.3,292.0,568.5,604.7
305,8,2.0,502,2372.975,,EFIX,,85.14957427961694,309.0,573.0,,515.975823077012,736.0,661.0,,506.03917832515697,599.0,247.0,3151.025,3.0,118.0,123.0,1.0,1872.975,loc1start,128.0,ec105,,128,,225.2,,588.1
306,8,2.0,122,2494.975,loc1end,ESACC,104.05772436489279,98.86172161155194,309.0,573.0,533.9425156325351,524.4172384657088,736.0,661.0,522.1666496435788,523.7801447172277,599.0,247.0,3151.025,3.0,118.0,123.0,1.0,2374.975,loc1start,128.0,ec105,,128,206.6,214.8,591.5,603.0
307,8,2.0,484,2978.975,,EFIX,,76.92600340587049,309.0,573.0,,500.15618560605645,736.0,661.0,,507.6341300582536,599.0,247.0,3151.025,3.0,118.0,123.0,1.0,2496.975,loc1start,128.0,ec105,,128,,239.0,,604.9
